가구일련번호,향후거주의향,입력된가구원수계,나이,주택형태,성별,교육정도,혼인상태,지역 거주기간,통근시간(분),월평균가구소득
F00001,4,3,26,,1,6,1,19,30,
F00001,4,3,48,,2,6,2,19,,
F00001,4,3,51,2,1,6,2,19,10,4
F00002,4,2,63,,2,2,2,30,,
F00002,5,2,71,2,1,2,2,30,30,4
F00003,4,2,71,,2,3,2,47,,
F00003,4,2,74,2,1,4,2,47,30,3
F00004,4,4,42,,2,5,2,10,20,
F00004,3,4,46,2,1,5,2,10,20,9
F00005,3,3,16,,1,3,1,10,15,
F00005,3,3,45,2,2,7,2,10,30,6
F00006,2,4,16,,2,4,1,16,40,
F00006,1,4,18,,1,4,1,18,40,
F00006,4,4,46,,2,5,2,20,,
F00006,4,4,50,2,1,5,2,20,20,6
F00007,4,2,63,2,2,6,2,10,,4
F00007,4,2,65,,1,6,2,10,,
F00008,5,4,38,2,2,6,2,10,,10
F00008,4,4,43,,1,6,2,33,20,
F00009,3,2,50,,2,4,2,28,,
F00009,4,2,55,2,1,5,2,50,20,6
F00010,2,4,36,2,1,6,2,30,,10
F00010,3,4,38,,2,6,2,5,20,
F00011,4,2,64,,2,3,2,18,,
F00011,4,2,70,2,1,4,2,18,20,5
F00012,4,3,57,,2,6,1,18,,
F00012,4,3,85,,2,4,2,20,,
F00012,5,3,85,2,1,6,2,20,,3
F00013,5,2,53,,2,6,2,18,,
F00013,5,2,60,2,1,6,2,18,,7
F00014,5,1,82,2,1,6,3,50,,6
F00015,4,3,23,,1,6,1,18,,
F00015,4,3,57,,2,4,2,18,,
F00015,4,3,62,2,1,4,2,21,,6
F00016,3,2,60,,2,4,2,13,30,
F00016,4,2,60,2,1,6,2,20,25,5
F00017,4,4,18,,1,4,1,16,40,
F00017,2,4,22,,1,6,1,16,30,
F00017,5,4,48,,2,4,2,17,,
F00017,4,4,52,2,1,7,2,16,30,7
F00018,2,4,15,,2,3,1,14,7,
F00018,4,4,45,,2,5,2,14,50,
F00018,4,4,47,2,1,5,2,14,35,8
F00019,3,3,24,,1,5,1,15,,
F00019,4,3,56,,2,7,2,23,,
F00019,3,3,60,2,1,6,2,18,,4
F00020,4,4,39,,2,5,2,15,,
F00020,4,4,40,2,1,5,2,14,40,7
F00021,3,6,18,,2,4,1,18,30,
F00021,3,6,20,,2,6,1,20,30,
F00021,3,6,46,,2,4,2,20,40,
F00021,3,6,51,2,1,4,2,20,40,6
F00021,3,6,85,,1,2,2,20,,
F00021,3,6,85,,2,2,2,20,,
F00022,2,4,41,2,2,6,2,13,40,6
F00022,4,4,47,,1,6,2,14,,
F00023,5,2,85,,2,2,2,20,,
F00023,5,2,85,2,1,3,2,20,,2
F00024,5,3,19,,1,6,1,15,,
F00024,4,3,50,,2,5,2,15,30,
F00024,3,3,52,2,1,5,2,15,30,7
F00025,5,2,67,,2,4,2,29,,
F00025,5,2,68,2,1,6,2,29,,6
F00026,5,2,59,,2,5,2,20,,
F00026,5,2,65,2,1,6,2,20,20,5
F00027,4,4,18,,1,5,1,12,,
F00027,4,4,50,2,1,6,2,12,,7
F00027,4,4,52,,2,6,2,12,,
F00028,5,2,84,,2,2,2,19,,
F00028,5,2,85,2,1,1,2,19,,3
F00029,5,2,73,,2,2,2,50,,
F00029,5,2,78,2,1,2,2,50,,3
F00030,4,4,38,2,1,6,2,33,,7
F00030,5,4,39,,2,6,2,10,,
F00031,4,4,36,,2,6,2,12,40,
F00031,5,4,39,2,1,6,2,39,20,10
F00032,2,4,34,2,2,6,2,7,30,10
F00032,3,4,39,,1,5,2,34,40,
F00033,4,4,17,,2,4,1,17,15,
F00033,4,4,19,,1,6,1,19,30,
F00033,4,4,51,,2,4,2,20,,
F00033,4,4,52,2,1,5,2,20,40,8
F00034,3,3,39,,2,7,2,8,,
F00034,5,3,39,2,1,6,2,38,,10
F00035,3,1,71,2,1,4,2,50,20,4
F00036,4,4,17,,1,4,1,13,15,
F00036,5,4,20,,2,6,1,13,30,
F00036,5,4,46,,1,5,2,14,,
F00036,4,4,46,2,2,5,2,40,30,5
F00037,3,3,20,,1,6,1,19,40,
F00037,3,3,41,,2,6,2,20,,
F00037,4,3,48,2,1,6,2,20,20,4
F00038,2,4,44,2,2,6,2,40,10,10
F00038,3,4,45,,1,6,2,40,30,
F00039,4,4,20,,1,6,1,20,30,
F00039,4,4,23,,1,6,1,23,30,
F00039,4,4,51,2,2,5,2,50,40,10
F00039,4,4,53,,1,6,2,24,30,
F00040,4,3,23,,1,5,1,23,,
F00040,2,3,56,,2,5,2,30,,
F00040,4,3,59,2,1,7,2,28,,9
F00041,4,1,60,2,2,4,2,30,,8
F00042,3,3,24,,1,5,1,5,10,
F00042,4,3,53,,2,4,2,5,,
F00042,4,3,57,2,1,6,2,5,,7
F00043,4,2,58,,2,4,2,28,20,
F00043,4,2,58,2,1,4,2,28,10,6
F00044,4,2,60,,2,4,2,32,10,
F00044,3,2,66,2,1,6,2,45,40,5
F00045,2,3,22,,2,5,1,16,15,
F00045,4,3,51,,2,6,2,20,10,
F00045,4,3,51,2,1,6,2,20,20,10
F00046,3,1,85,2,2,1,3,25,,2
F00047,3,1,70,2,2,3,3,14,,2
F00048,4,1,74,2,2,4,3,37,,2
F00049,4,1,66,2,1,3,4,50,20,3
F00050,2,2,66,,2,3,2,25,,
F00050,4,2,71,2,1,6,2,26,30,3
F00051,4,1,70,2,2,2,3,45,,2
F00052,5,2,62,,2,4,2,30,20,
F00052,4,2,63,2,1,4,2,30,40,5
F00053,2,2,31,,2,7,2,1,,
F00053,4,2,31,2,1,8,2,31,10,8
F00054,5,2,67,,2,4,2,45,,
F00054,4,2,76,2,1,4,2,45,,2
F00055,3,2,33,,2,7,2,2,,
F00055,2,2,33,2,1,6,2,3,,6
F00056,2,3,18,,1,4,1,18,40,
F00056,2,3,46,,2,6,2,20,,
F00056,3,3,49,2,1,5,2,44,40,4
F00057,1,2,34,,2,5,2,5,50,
F00057,1,2,40,2,1,7,2,5,,8
F00058,5,2,33,,2,6,2,3,40,
F00058,4,2,35,2,1,6,2,3,20,8
F00059,3,3,30,,1,6,1,30,30,
F00059,4,3,79,,2,2,2,60,,
F00059,4,3,79,2,1,3,2,60,,4
F00060,5,2,29,,1,5,1,29,35,
F00060,4,2,62,2,2,4,4,37,20,5
F00061,2,3,27,,2,4,2,3,,
F00061,2,3,32,2,1,6,2,23,,7
F00062,4,2,68,,2,4,2,30,,
F00062,4,2,78,2,1,4,2,30,,2
F00063,4,4,15,,2,4,1,15,20,
F00063,3,4,15,,2,4,1,15,20,
F00063,4,4,44,2,1,6,2,20,30,5
F00063,4,4,49,,2,5,2,25,,
F00064,4,2,75,,2,4,2,11,,
F00064,4,2,78,2,1,4,2,78,,3
F00065,4,2,30,,2,6,2,1,30,
F00065,3,2,33,2,1,5,2,1,,6
F00066,4,3,33,,2,6,2,4,,
F00066,4,3,33,2,1,7,2,4,30,5
F00067,4,1,78,2,2,2,3,30,,2
F00068,4,1,76,2,2,4,3,30,,3
F00069,4,2,65,,2,3,2,34,,
F00069,4,2,68,2,1,3,2,34,,3
F00070,4,2,50,2,2,4,4,50,20,3
F00070,4,2,84,,2,1,3,51,,
F00071,4,5,43,,2,7,2,20,20,
F00071,4,5,45,2,1,6,2,30,40,9
F00072,4,2,44,2,2,4,1,44,30,4
F00072,4,2,74,,2,2,3,45,,
F00073,4,2,60,,2,3,2,34,40,
F00073,4,2,61,2,1,2,2,34,50,5
F00074,4,4,45,,2,7,2,17,40,
F00074,4,4,45,2,1,7,2,38,20,9
F00075,3,4,22,,1,6,1,15,,
F00075,4,4,27,,1,6,1,15,,
F00075,4,4,52,,2,6,2,15,30,
F00075,4,4,56,2,1,5,2,15,20,6
F00076,3,1,65,4,2,7,1,50,,3
F00077,3,2,27,,2,4,1,3,,
F00077,4,2,30,3,2,4,1,4,40,4
F00078,3,1,43,3,1,4,1,7,,5
F00079,2,2,31,,2,6,2,3,30,
F00079,2,2,35,3,1,6,2,7,30,5
F00080,3,1,50,3,2,5,4,1,5,6
F00081,4,1,34,3,2,6,1,13,20,3
F00082,5,1,82,3,2,3,3,61,,2
F00083,3,4,18,,2,4,1,12,10,
F00083,3,4,22,,1,5,1,12,20,
F00083,5,4,50,,2,4,2,40,30,
F00083,2,4,51,1,1,5,2,12,30,6
F00084,5,2,81,,2,1,2,56,,
F00084,5,2,85,1,1,4,2,56,,3
F00085,4,1,60,4,1,4,4,5,20,2
F00086,2,1,55,4,1,6,2,55,20,3
F00087,2,1,59,4,1,4,2,5,20,3
F00088,2,1,53,4,1,4,2,10,5,3
F00089,2,1,72,4,1,1,3,10,20,3
F00090,3,1,38,4,1,5,1,3,15,6
F00091,3,3,41,,1,5,1,35,10,
F00091,4,3,63,,2,2,2,30,,
F00091,4,3,70,2,1,4,2,30,,5
F00092,5,1,68,2,2,3,3,38,,2
F00093,4,2,68,,2,3,2,33,,
F00093,4,2,74,2,1,3,2,33,,2
F00094,5,1,60,2,2,4,4,40,20,3
F00095,4,3,38,,1,4,1,37,15,
F00095,4,3,72,,2,2,2,40,20,
F00095,5,3,77,2,1,4,2,77,,5
F00096,4,3,26,,1,6,1,26,,
F00096,4,3,52,,2,4,2,17,10,
F00096,4,3,54,2,1,4,2,28,,6
F00097,4,3,27,,1,4,1,27,59,
F00097,3,3,61,,2,3,2,33,,
F00097,3,3,65,2,1,2,2,33,,4
F00098,3,4,17,,1,3,1,17,30,
F00098,4,4,23,,2,6,1,21,,
F00098,4,4,53,,2,3,2,30,30,
F00098,4,4,56,2,1,4,2,53,20,6
F00099,5,3,35,,1,6,1,30,30,
F00099,3,3,63,,2,4,2,30,30,
F00099,3,3,67,2,1,4,2,30,,7
F00100,3,3,30,,1,5,1,30,,
F00100,5,3,54,,2,4,2,35,30,
F00100,4,3,60,2,1,4,2,30,30,7
F00101,2,2,48,2,1,6,2,40,,6
F00101,2,2,49,,2,6,2,49,30,
F00102,3,3,33,,2,5,1,33,40,
F00102,4,3,35,,2,4,1,35,10,
F00102,5,3,61,2,2,3,3,61,20,8
F00103,2,2,67,,2,3,2,34,,
F00103,4,2,67,2,1,3,2,34,30,4
F00104,5,1,65,1,2,2,4,35,15,3
F00105,5,1,85,3,2,2,3,60,,3
F00106,5,1,71,3,2,3,3,15,,2
F00107,3,3,28,,2,6,1,28,,
F00107,3,3,61,,2,4,2,30,,
F00107,3,3,66,3,1,4,2,30,40,5
F00108,5,1,75,3,2,2,3,30,,2
F00109,3,1,62,3,1,4,3,18,40,2
F00110,4,3,17,,2,4,1,17,40,
F00110,4,3,52,,2,4,2,49,50,
F00110,4,3,55,3,1,5,2,28,30,5
F00111,4,1,51,3,1,5,1,10,,1
F00112,5,1,66,1,1,3,4,50,,4
F00113,5,1,85,3,2,2,3,17,,1
F00114,3,3,21,,1,6,1,20,,
F00114,4,3,50,3,1,4,2,20,40,6
F00114,4,3,60,,2,4,2,20,40,
F00115,5,1,80,3,2,2,3,30,10,3
F00116,5,1,32,1,2,4,1,3,30,4
F00117,4,1,64,1,1,2,3,25,,1
F00118,5,1,57,1,2,6,3,51,25,5
F00119,2,2,68,,2,4,2,6,,
F00119,2,2,71,3,1,4,2,6,,2
F00120,3,4,18,,1,4,1,7,,
F00120,5,4,20,,1,4,1,7,40,
F00120,5,4,48,3,1,8,2,7,10,5
F00120,5,4,50,,2,6,2,7,,
F00121,4,1,73,3,2,2,3,18,,2
F00122,1,4,41,,2,5,2,10,,
F00122,3,4,41,3,1,5,2,30,40,7
F00123,4,4,15,,2,3,1,15,20,
F00123,4,4,45,,2,4,2,16,,
F00123,3,4,47,3,1,5,2,25,40,5
F00124,4,2,55,,2,4,2,16,,
F00124,3,2,58,3,1,5,2,17,10,3
F00125,4,3,47,,2,4,2,20,,
F00125,4,3,49,3,1,4,2,20,,10
F00126,5,3,40,,2,4,2,40,,
F00126,3,3,40,3,1,6,2,30,10,4
F00127,5,4,40,,2,5,2,17,,
F00127,2,4,41,3,1,4,2,10,,5
F00128,4,2,62,,2,2,2,7,,
F00128,3,2,66,3,1,4,2,10,,3
F00129,5,2,71,,2,2,2,36,,
F00129,4,2,72,3,1,2,2,36,,2
F00130,3,4,16,,2,4,1,16,25,
F00130,4,4,46,3,2,5,4,27,,3
F00131,4,2,38,,2,4,2,29,40,
F00131,3,2,40,3,1,4,2,7,40,7
F00132,4,3,36,,1,5,1,32,40,
F00132,4,3,59,,2,4,2,59,40,
F00132,4,3,63,3,1,4,2,63,30,6
F00133,4,5,17,,1,4,1,17,15,
F00133,4,5,23,,1,4,1,23,50,
F00133,4,5,25,,1,4,1,24,10,
F00133,4,5,45,,2,4,2,24,10,
F00133,4,5,48,3,1,4,2,24,30,5
F00134,4,1,71,3,2,2,3,30,,2
F00135,5,2,72,,2,3,2,49,,
F00135,5,2,79,3,1,4,2,49,,3
F00136,4,2,62,3,1,3,2,7,10,2
F00136,4,2,63,,2,4,2,7,30,
F00137,5,1,85,3,2,2,3,50,,1
F00138,5,2,62,,2,4,2,30,,
F00138,5,2,67,3,1,4,2,30,,5
F00139,4,2,72,,2,2,2,32,,
F00139,4,2,75,3,1,4,2,32,20,3
F00140,3,1,78,3,2,2,3,33,,2
F00141,4,1,75,3,2,2,3,30,,1
F00142,5,2,68,,2,2,2,55,,
F00142,5,2,79,3,1,2,2,55,,2
F00143,4,2,52,,2,4,2,30,,
F00143,4,2,54,3,1,3,2,30,30,4
F00144,3,2,39,,2,5,2,20,,
F00144,3,2,43,3,1,4,2,20,30,4
F00145,4,2,75,,2,4,2,52,,
F00145,5,2,85,3,1,6,2,52,,2
F00146,3,3,43,3,2,6,4,15,55,10
F00146,3,3,68,,2,2,3,16,,
F00147,5,3,19,,1,4,1,19,30,
F00147,5,3,49,3,1,4,2,20,30,4
F00147,5,3,50,,2,4,2,50,,
F00148,5,1,81,3,2,1,3,10,,1
F00149,2,1,30,3,2,7,1,3,25,4
F00150,4,2,57,,2,3,2,22,,
F00150,4,2,58,3,1,5,2,22,,10
F00151,5,2,71,3,1,3,2,35,30,4
F00151,5,2,74,,2,3,2,35,,
F00152,4,1,71,3,2,2,3,15,,2
F00153,5,1,74,3,2,4,4,5,,2
F00154,4,3,16,,1,4,1,11,45,
F00154,2,3,52,3,2,6,2,11,20,7
F00154,4,3,56,,1,6,2,11,40,
F00155,5,2,47,,2,4,2,25,,
F00155,5,2,49,3,1,4,2,49,,4
F00156,4,1,60,1,1,2,2,7,30,1
F00157,3,1,39,4,1,5,1,20,,4
F00158,3,1,51,4,1,4,1,14,40,3
F00159,5,1,30,4,2,5,1,20,15,3
F00160,4,1,59,4,1,4,3,25,50,4
F00161,4,1,37,4,1,4,4,5,,1
F00162,4,3,45,,2,3,4,45,,
F00162,5,3,48,,1,2,2,48,40,
F00162,5,3,75,1,2,2,3,55,,5
F00163,4,4,35,,1,3,2,3,50,
F00163,4,4,35,,2,3,2,3,,
F00163,4,4,67,3,1,3,2,3,,6
F00164,4,1,79,3,2,2,4,43,30,2
F00165,5,4,51,,2,4,2,16,40,
F00165,5,4,55,3,1,4,2,15,30,5
F00165,5,4,73,,2,4,3,15,,
F00166,5,1,60,3,2,4,3,60,10,2
F00167,4,2,70,,2,2,2,40,30,
F00167,4,2,78,3,1,4,2,20,,3
F00168,3,1,19,3,2,5,1,6,,2
F00169,2,1,19,3,1,5,1,1,20,1
F00170,3,1,30,3,2,6,1,1,15,4
F00171,3,1,22,3,1,5,1,1,20,2
F00172,2,1,21,3,2,4,1,1,30,4
F00173,3,2,16,,2,4,1,1,5,
F00173,1,2,44,3,2,6,4,1,20,4
F00174,3,3,17,,1,4,1,17,10,
F00174,3,3,22,,1,4,1,20,50,
F00174,2,3,48,3,2,6,4,26,15,7
F00175,5,1,34,3,2,5,1,2,,2
F00176,3,1,27,3,1,6,1,2,50,4
F00177,5,1,84,3,2,2,3,66,,2
F00178,2,3,39,3,2,4,1,26,5,3
F00179,3,3,26,,2,4,1,26,,
F00179,4,3,56,,2,4,2,30,10,
F00179,4,3,58,3,1,4,2,50,50,5
F00180,3,4,35,,1,5,1,23,20,
F00180,3,4,36,,1,5,1,33,40,
F00180,5,4,60,,2,4,2,33,40,
F00180,3,4,62,3,1,4,2,33,20,8
F00181,1,4,30,,2,5,1,30,,
F00181,2,4,32,,2,4,1,32,,
F00181,5,4,53,,2,4,2,30,30,
F00181,3,4,59,3,1,5,2,34,,10
F00182,5,2,65,,2,3,2,45,,
F00182,5,2,71,3,1,4,2,71,,3
F00183,3,4,28,,2,7,1,15,15,
F00183,5,4,34,,1,5,1,29,30,
F00183,3,4,58,,2,3,2,30,10,
F00183,5,4,64,3,1,4,2,30,30,8
F00184,4,1,59,1,1,4,1,30,,1
F00185,5,2,59,,2,2,2,37,,
F00185,5,2,64,3,1,2,2,37,,4
F00186,2,3,27,,1,6,1,27,,
F00186,3,3,53,,2,4,2,34,,
F00186,3,3,55,1,1,4,2,50,30,5
F00187,3,2,32,,1,6,1,10,30,
F00187,4,2,59,1,2,3,3,10,,4
F00188,5,1,72,1,2,2,3,40,,2
F00189,3,1,26,1,1,5,1,2,,2
F00190,4,3,39,,1,6,1,39,15,
F00190,5,3,67,,2,2,2,61,,
F00190,5,3,72,1,1,3,2,56,,6
F00191,4,2,74,,2,3,2,41,,
F00191,5,2,83,1,1,4,2,41,,2
F00192,5,2,51,,2,5,2,16,30,
F00192,4,2,51,1,1,5,2,16,,3
F00193,4,4,18,,1,4,1,18,30,
F00193,4,4,20,,1,6,1,20,20,
F00193,4,4,54,,2,6,2,54,10,
F00193,4,4,59,1,1,6,2,30,10,5
F00194,5,1,60,1,1,4,1,60,,2
F00195,4,1,59,3,2,4,4,37,,2
F00196,4,2,43,,1,6,1,43,20,
F00196,4,2,67,3,2,3,3,47,,5
F00197,5,1,64,3,2,2,3,64,5,3
F00198,3,1,50,3,1,4,1,50,30,3
F00199,4,2,51,,2,5,2,22,30,
F00199,5,2,53,3,1,6,2,22,10,9
F00200,3,1,71,3,1,4,1,18,,1
F00201,3,2,21,,1,4,1,21,30,
F00201,4,2,52,3,2,4,2,30,30,4
F00202,3,4,22,,2,6,1,22,40,
F00202,3,4,26,,1,6,1,23,20,
F00202,2,4,50,,2,4,2,23,40,
F00202,2,4,52,3,1,4,2,23,40,6
F00203,4,1,71,1,1,3,4,22,40,2
F00204,5,1,65,1,2,3,4,7,20,3
F00205,3,1,30,1,2,6,1,7,30,3
F00206,1,1,74,1,2,4,3,15,,3
F00207,1,2,34,,2,4,2,1,,
F00207,1,2,36,1,1,4,2,4,,4
F00208,4,1,85,3,2,1,3,30,,1
F00209,5,1,62,3,2,4,2,42,5,3
F00210,5,2,66,4,1,8,2,45,5,3
F00210,5,2,67,,2,5,2,22,30,
F00211,5,1,69,4,1,6,1,20,,3
F00212,5,1,68,4,1,5,2,50,,3
F00213,4,1,72,1,2,4,4,43,10,2
F00214,5,1,52,3,1,2,4,6,,2
F00215,5,1,72,3,1,2,1,23,,2
F00216,5,1,83,3,1,3,4,30,,2
F00217,4,1,85,3,2,2,3,10,,2
F00218,4,1,79,3,1,4,4,51,,2
F00219,4,1,72,3,1,2,4,16,,1
F00220,4,1,76,3,1,2,4,40,,1
F00221,2,1,29,1,2,6,1,2,10,5
F00222,2,1,28,1,2,6,1,23,20,4
F00223,5,1,75,1,2,2,3,31,10,3
F00224,5,1,26,1,2,4,1,7,15,4
F00225,4,4,35,,2,5,2,17,30,
F00225,4,4,36,1,1,4,2,15,30,8
F00226,4,1,52,1,2,4,4,10,30,3
F00227,4,1,48,1,1,4,1,20,30,5
F00228,5,2,75,,2,3,2,46,,
F00228,5,2,77,1,1,3,2,46,,3
F00229,4,1,35,1,1,6,1,35,20,3
F00230,5,1,63,4,1,4,4,40,,3
F00231,4,1,55,4,1,5,1,30,,4
F00232,4,3,38,,2,4,1,30,,
F00232,4,3,40,,1,4,1,30,10,
F00232,4,3,62,1,2,4,4,30,,4
F00233,2,1,41,1,1,5,1,6,20,5
F00234,4,4,21,,1,6,1,21,30,
F00234,4,4,46,,2,6,2,15,10,
F00234,4,4,52,1,1,4,2,15,20,5
F00235,4,1,31,1,1,5,1,20,15,5
F00236,5,2,63,,2,2,2,20,,
F00236,4,2,67,1,1,3,2,20,20,4
F00237,4,4,50,,2,4,2,15,20,
F00237,5,4,54,1,1,6,2,54,10,4
F00238,5,1,69,3,2,3,3,22,20,3
F00239,3,1,81,3,2,3,3,4,,2
F00240,4,1,26,3,1,4,1,1,,2
F00241,5,2,52,,1,4,4,52,,
F00241,5,2,84,3,1,2,3,66,,3
F00242,4,2,54,,2,4,2,10,20,
F00242,4,2,56,3,1,5,2,10,20,5
F00243,4,2,61,,2,3,2,45,15,
F00243,5,2,65,1,1,4,2,45,50,5
F00244,4,3,36,,1,5,1,36,30,
F00244,4,3,61,,2,4,2,40,30,
F00244,4,3,66,1,1,4,2,40,30,7
F00245,2,3,19,,1,6,1,1,30,
F00245,2,3,23,,2,6,1,4,,
F00245,4,3,71,1,2,2,3,10,20,3
F00246,4,4,16,,1,4,1,16,30,
F00246,3,4,47,,2,5,2,19,,
F00246,4,4,49,3,1,6,2,49,,6
F00247,4,1,58,3,2,4,4,10,,3
F00248,4,2,29,,1,5,1,28,40,
F00248,5,2,65,3,2,4,4,65,,5
F00249,5,5,42,,2,6,2,15,,
F00249,5,5,46,3,1,7,2,43,25,4
F00250,4,1,66,3,2,3,4,40,10,3
F00251,4,5,36,,2,5,2,14,,
F00251,4,5,40,2,1,5,2,40,50,6
F00252,5,3,25,,1,5,1,17,50,
F00252,5,3,61,,2,4,2,17,,
F00252,5,3,63,2,1,4,2,17,30,6
F00253,4,3,39,,2,6,2,10,10,
F00253,4,3,41,2,1,6,2,10,50,6
F00254,4,1,57,2,2,3,4,30,5,4
F00255,5,2,71,2,2,3,2,46,,4
F00256,4,4,49,,1,6,1,49,50,
F00256,5,4,52,,1,6,1,52,50,
F00256,5,4,81,,2,2,2,59,,
F00256,5,4,85,2,1,4,2,57,,9
F00257,3,4,37,,2,4,2,13,,
F00257,3,4,45,2,1,5,2,45,40,4
F00257,3,4,70,,2,4,3,50,,
F00258,4,1,70,2,2,4,1,10,,3
F00259,3,3,27,,1,4,1,27,30,
F00259,5,3,59,,2,5,2,35,10,
F00259,5,3,61,2,1,4,2,32,20,7
F00260,5,2,79,,2,4,2,50,,
F00260,5,2,84,2,1,6,2,50,,4
F00261,5,2,76,,2,2,2,39,,
F00261,5,2,85,2,1,4,2,39,,3
F00262,5,2,78,,2,1,2,30,,
F00262,5,2,78,2,1,2,2,30,,3
F00263,4,4,18,,1,6,1,18,,
F00263,2,4,22,,2,6,1,22,,
F00263,5,4,52,,2,4,2,23,30,
F00263,5,4,54,2,1,5,2,33,20,9
F00264,5,1,80,2,2,3,3,22,,3
F00265,5,2,85,2,1,2,2,55,,4
F00266,5,2,72,,2,5,2,50,,
F00266,5,2,72,1,1,5,2,50,,8
F00267,5,2,44,,1,4,1,20,30,
F00267,5,2,67,3,2,3,3,20,,3
F00268,5,1,79,3,1,4,4,2,,2
F00269,5,2,74,,2,2,2,60,,
F00269,5,2,82,3,1,4,2,60,,2
F00270,4,1,41,4,1,4,1,10,20,5
F00271,5,1,26,4,1,5,1,26,10,4
F00272,4,1,64,4,1,4,4,16,,3
F00273,4,1,30,4,1,5,1,1,10,4
F00274,4,1,43,4,1,4,1,7,30,5
F00275,2,1,25,4,1,6,1,2,50,4
F00276,5,1,53,1,1,4,4,53,,1
F00277,4,1,58,1,1,5,4,5,30,2
F00278,3,1,36,1,1,4,1,20,20,2
F00279,5,1,62,1,1,4,4,62,15,2
F00280,4,1,57,1,1,4,4,20,30,3
F00281,4,2,51,,1,3,1,1,50,
F00281,4,2,58,3,1,2,4,10,30,4
F00282,5,1,69,3,2,4,4,42,5,2
F00283,3,4,25,,1,6,1,14,,
F00283,3,4,27,,2,6,1,14,,
F00283,3,4,53,,2,4,2,14,,
F00283,4,4,61,3,1,3,2,14,15,7
F00284,5,1,65,1,1,5,4,35,,2
F00285,5,1,54,3,1,2,1,10,5,2
F00286,2,1,29,3,2,5,1,7,15,4
F00287,4,1,50,3,1,4,1,20,40,3
F00288,4,2,41,,2,6,1,40,,
F00288,4,2,72,3,1,4,2,40,,3
F00289,2,2,36,3,1,6,1,30,40,5
F00289,5,2,65,,2,4,3,30,,
F00290,2,2,31,,2,6,1,25,25,
F00290,4,2,59,3,2,3,2,25,,7
F00291,5,1,55,3,2,3,3,32,16,3
F00292,2,3,27,,1,5,1,27,15,
F00292,4,3,62,,2,3,2,33,,
F00292,4,3,65,1,1,4,2,33,30,6
F00293,5,1,78,1,2,2,3,52,,2
F00294,4,2,58,,2,4,2,4,30,
F00294,3,2,63,3,1,5,2,30,,3
F00295,4,1,49,3,2,6,1,20,,3
F00296,4,2,30,,1,4,1,30,,
F00296,4,2,58,3,2,4,3,30,30,3
F00297,4,2,52,,2,4,2,30,20,
F00297,4,2,57,3,1,2,2,30,40,4
F00298,4,2,50,,2,4,2,12,,
F00298,3,2,51,3,1,4,2,12,30,4
F00299,4,1,60,3,2,4,4,7,,2
F00300,2,2,62,,2,3,2,35,30,
F00300,2,2,66,3,1,3,2,40,,3
F00301,4,2,62,,2,3,2,10,,
F00301,4,2,75,3,1,4,2,10,,2
F00302,4,1,58,3,2,4,4,58,,2
F00303,4,1,59,3,1,6,4,20,,2
F00304,4,2,54,,2,3,2,10,10,
F00304,4,2,56,3,1,3,2,10,10,4
F00305,4,2,30,,1,4,1,13,,
F00305,4,2,60,3,1,4,4,13,20,5
F00306,4,2,69,,2,3,2,50,,
F00306,4,2,83,3,1,4,2,50,,2
F00307,4,1,75,3,2,2,3,20,,2
F00308,2,3,31,,2,5,2,3,,
F00308,2,3,33,3,1,7,2,11,,5
F00309,4,4,42,,2,5,2,30,10,
F00309,4,4,45,1,1,5,2,40,30,6
F00310,1,5,18,,2,6,1,18,,
F00310,3,5,21,,2,6,1,21,30,
F00310,4,5,48,,2,4,2,29,,
F00310,4,5,55,2,1,2,2,35,,4
F00311,4,3,46,,1,4,1,46,30,
F00311,4,3,68,2,1,4,2,50,,5
F00311,5,3,69,,2,2,2,50,30,
F00312,4,2,62,,2,3,2,30,,
F00312,4,2,63,2,1,4,2,30,20,4
F00313,2,2,53,,2,7,2,16,,
F00313,2,2,61,2,1,5,2,16,30,4
F00314,2,3,33,,2,5,1,28,10,
F00314,4,3,64,,2,4,2,28,,
F00314,4,3,66,2,1,4,2,28,,4
F00315,4,3,23,,1,6,1,5,50,
F00315,2,3,53,2,1,6,2,5,10,8
F00315,2,3,55,,2,4,2,5,50,
F00316,5,1,56,2,2,3,4,28,15,3
F00317,5,2,72,,2,3,2,17,,
F00317,5,2,74,2,1,4,2,50,20,6
F00318,4,3,32,,2,6,1,13,,
F00318,4,3,58,,2,4,2,13,,
F00318,4,3,62,2,1,6,2,13,,7
F00319,5,1,67,2,2,3,3,30,,4
F00320,2,4,46,,2,6,2,13,,
F00320,1,4,48,2,1,7,2,13,25,8
F00321,4,3,40,,1,5,1,30,,
F00321,5,3,65,,2,4,2,34,,
F00321,5,3,67,2,1,4,2,34,,4
F00322,3,3,44,,2,4,1,8,,
F00322,5,3,76,,2,4,2,20,,
F00322,5,3,77,2,1,4,2,20,,4
F00323,4,2,45,,1,6,1,45,,
F00323,5,2,73,2,1,4,3,47,,4
F00324,5,2,68,,2,7,2,30,10,
F00324,4,2,68,2,1,6,2,30,,5
F00325,4,1,63,4,2,3,4,45,,3
F00326,5,1,64,3,1,5,3,22,40,5
F00327,5,1,72,3,2,3,3,40,,2
F00328,4,2,43,3,1,5,2,10,10,6
F00328,4,2,48,,2,4,2,10,30,
F00329,5,2,60,,2,4,2,32,,
F00329,5,2,62,3,1,4,2,32,,7
F00330,4,3,25,,1,5,1,25,,
F00330,5,3,46,,2,4,2,46,,
F00330,3,3,51,3,1,4,2,50,50,6
F00331,4,3,21,,2,5,1,14,,
F00331,5,3,47,,2,4,2,14,20,
F00331,5,3,51,3,1,4,2,14,20,7
F00332,4,1,79,3,2,2,3,40,,2
F00333,3,3,15,,2,4,1,15,40,
F00333,4,3,53,,2,5,2,40,30,
F00333,4,3,56,3,1,5,2,27,10,4
F00334,4,1,61,3,2,3,4,4,,3
F00335,4,3,38,,2,4,1,38,,
F00335,4,3,65,,2,3,2,45,,
F00335,4,3,65,3,1,3,2,50,20,4
F00336,5,2,41,,2,4,1,35,,
F00336,5,2,66,3,2,2,3,35,15,4
F00337,2,3,33,3,1,6,2,15,,4
F00337,3,3,34,,2,5,2,5,,
F00338,3,1,50,3,1,8,1,4,,4
F00339,5,1,73,1,2,3,3,30,,2
F00340,2,2,52,,2,5,2,10,,
F00340,4,2,52,3,1,5,2,10,30,7
F00341,3,2,61,,2,5,2,20,,
F00341,3,2,65,3,1,7,2,21,20,5
F00342,4,1,74,3,2,2,3,11,10,3
F00343,3,2,29,,1,6,1,2,15,
F00343,3,2,58,3,2,5,4,2,,5
F00344,2,3,41,,2,4,1,24,,
F00344,3,3,50,3,1,5,2,30,20,5
F00344,3,3,52,,2,4,2,30,,
F00345,2,4,23,,1,5,1,23,,
F00345,5,4,25,,2,6,1,25,,
F00345,3,4,50,,2,5,2,25,20,
F00345,2,4,53,3,1,4,2,25,20,6
F00346,3,1,21,3,2,4,1,1,15,3
F00347,3,2,53,3,1,3,2,5,,5
F00347,3,2,67,,2,3,2,5,,
F00348,4,2,64,3,2,4,4,10,,3
F00349,5,3,15,,2,3,1,9,20,
F00349,4,3,18,,1,4,1,9,30,
F00349,2,3,54,3,2,4,4,9,45,3
F00350,2,1,70,3,2,4,4,13,,3
F00351,4,2,61,,2,3,2,2,35,
F00351,3,2,66,3,1,4,2,2,,4
F00352,5,2,46,,2,4,2,10,20,
F00352,5,2,53,3,1,4,2,10,20,4
F00353,2,2,59,3,1,2,2,12,15,4
F00353,2,2,62,,2,4,2,12,20,
F00354,4,3,50,2,1,4,1,10,,3
F00354,3,3,53,,2,4,1,9,25,
F00354,3,3,84,,2,2,3,9,,
F00355,4,3,25,,1,6,1,25,55,
F00355,4,3,55,,2,6,2,28,50,
F00355,4,3,57,2,1,6,2,28,30,8
F00356,4,2,60,,2,4,2,8,,
F00356,4,2,62,2,1,5,2,8,,4
F00357,3,3,26,,1,6,1,20,,
F00357,4,3,53,,2,6,2,30,30,
F00357,4,3,55,2,1,6,2,30,40,10
F00358,3,1,35,2,1,6,1,1,50,10
F00359,4,4,47,2,1,5,2,12,30,10
F00359,4,4,50,,2,7,2,12,30,
F00359,2,4,78,,2,2,3,12,,
F00360,4,3,30,,1,6,1,18,50,
F00360,3,3,58,,2,4,2,18,,
F00360,4,3,60,2,1,4,2,18,,4
F00361,3,4,42,,2,5,2,15,,
F00361,3,4,45,2,1,6,2,15,20,7
F00362,5,4,40,,2,6,2,13,30,
F00362,5,4,42,2,1,6,2,23,15,8
F00363,4,5,36,,2,7,2,6,,
F00363,3,5,36,2,1,7,2,6,10,8
F00363,1,5,62,,2,5,3,6,,
F00364,4,4,38,,2,6,2,10,20,
F00364,2,4,41,2,1,6,2,10,,10
F00365,4,3,43,,1,6,1,19,50,
F00365,3,3,68,,2,4,2,19,,
F00365,3,3,73,2,1,6,2,19,,4
F00366,5,3,21,,2,5,1,21,40,
F00366,3,3,50,,2,4,2,21,,
F00366,4,3,52,2,1,5,2,21,40,7
F00367,3,5,23,,2,6,1,10,40,
F00367,3,5,27,,2,6,1,10,20,
F00367,4,5,29,,2,6,1,12,30,
F00367,3,5,53,,2,6,2,12,20,
F00367,2,5,58,2,1,5,2,12,25,8
F00368,4,4,22,,1,6,1,22,10,
F00368,5,4,30,,2,6,1,23,,
F00368,4,4,56,2,1,6,2,23,40,7
F00368,4,4,58,,2,4,2,23,40,
F00369,4,3,35,,2,5,2,15,,
F00369,4,3,40,2,1,5,2,32,10,6
F00370,2,4,27,,2,8,1,20,40,
F00370,3,4,54,,2,7,2,20,40,
F00370,3,4,58,2,1,7,2,20,30,10
F00370,3,4,62,,2,4,1,15,,
F00371,3,3,38,2,1,6,2,25,10,8
F00371,3,3,43,,2,7,2,18,40,
F00372,4,3,28,,2,6,2,3,,
F00372,4,3,28,2,1,6,2,3,40,5
F00373,4,3,40,,2,5,2,12,,
F00373,4,3,42,2,1,6,2,12,10,9
F00374,4,1,57,2,2,4,2,21,,5
F00375,3,3,36,,2,5,2,3,,
F00375,3,3,40,2,1,5,2,3,30,5
F00376,2,3,28,,2,6,1,28,,
F00376,4,3,56,,2,4,2,30,40,
F00376,3,3,62,2,1,4,2,30,50,5
F00377,4,4,44,2,1,5,2,10,20,7
F00377,4,4,45,,2,5,2,10,,
F00378,3,3,40,,1,6,1,40,40,
F00378,4,3,66,,2,4,2,40,20,
F00378,4,3,69,2,1,4,2,40,20,10
F00379,4,3,40,2,1,6,2,8,20,10
F00379,4,3,42,,2,6,2,8,50,
F00380,4,2,49,2,2,4,1,6,40,4
F00380,4,2,79,,2,1,3,6,,
F00381,4,2,73,,2,3,2,30,,
F00381,4,2,85,2,1,4,2,30,,3
F00382,3,3,21,,1,4,1,16,30,
F00382,4,3,48,2,1,4,2,16,,6
F00382,4,3,50,,2,4,2,16,30,
F00383,3,5,19,,2,6,1,19,20,
F00383,3,5,22,,1,4,1,22,,
F00383,3,5,26,,1,5,1,25,30,
F00383,4,5,52,2,1,6,2,25,10,6
F00383,4,5,54,,2,4,2,25,,
F00384,4,2,35,,2,8,2,1,30,
F00384,4,2,35,2,1,7,2,1,40,6
F00385,5,3,34,,2,5,2,25,,
F00385,3,3,38,2,1,5,2,1,40,5
F00386,4,4,22,,2,6,1,22,45,
F00386,4,4,26,,2,6,1,21,,
F00386,4,4,51,,2,6,2,21,,
F00386,4,4,54,2,1,6,2,23,,6
F00387,4,4,16,,2,4,1,13,15,
F00387,2,4,45,2,1,5,2,13,,6
F00387,3,4,46,,2,5,2,13,,
F00388,4,2,67,,2,2,2,35,,
F00388,4,2,69,2,1,3,2,35,15,3
F00389,4,3,45,,1,5,1,27,10,
F00389,5,3,49,2,1,5,1,28,,8
F00389,5,3,80,,2,2,3,30,30,
F00390,3,4,38,,2,5,2,7,5,
F00390,3,4,46,2,1,6,2,7,,8
F00391,4,4,44,,2,6,2,13,40,
F00391,4,4,46,2,1,6,2,10,20,10
F00392,4,4,38,,2,6,2,10,,
F00392,4,4,42,2,1,6,2,10,25,5
F00393,4,2,61,,2,4,2,35,,
F00393,3,2,66,2,1,6,2,35,30,4
F00394,1,3,18,,1,4,1,18,30,
F00394,3,3,22,,2,6,1,19,20,
F00394,3,3,49,2,2,4,2,19,,5
F00395,5,2,49,2,1,6,2,40,50,10
F00395,3,2,50,,2,4,2,4,45,
F00396,4,5,18,,1,4,1,18,30,
F00396,4,5,48,,2,5,2,30,20,
F00396,4,5,50,2,1,5,2,32,40,6
F00397,4,3,42,2,2,4,2,10,,4
F00398,4,4,47,,2,5,2,12,,
F00398,3,4,47,2,1,7,2,12,30,10
F00399,4,3,28,,1,6,1,20,40,
F00399,5,3,55,,2,4,2,20,10,
F00399,5,3,60,2,1,4,2,20,30,9
F00400,5,1,78,2,2,1,3,10,,1
F00401,4,2,68,,2,2,2,3,,
F00401,4,2,74,2,1,3,2,3,,2
F00402,5,2,48,,2,4,2,22,40,
F00402,5,2,50,2,1,4,2,22,10,7
F00403,4,2,61,,2,4,2,45,,
F00403,4,2,65,2,1,4,2,45,20,4
F00404,4,5,31,,2,4,2,12,,
F00404,4,5,51,2,1,4,2,12,30,7
F00405,5,2,70,,2,2,2,41,,
F00405,5,2,71,2,1,2,2,41,,2
F00406,5,1,84,2,2,2,3,22,,1
F00407,5,1,79,2,2,2,3,50,,2
F00408,3,2,52,2,2,7,1,8,,5
F00408,4,2,83,,1,5,3,10,,
F00409,3,2,62,,2,4,2,10,40,
F00409,3,2,62,2,1,4,2,10,,5
F00410,5,4,33,,2,6,1,33,,
F00410,4,4,35,,1,6,1,35,30,
F00410,5,4,60,,2,2,2,35,25,
F00410,5,4,63,2,1,2,2,35,,7
F00411,4,4,22,,1,4,1,22,30,
F00411,4,4,25,,2,5,1,25,30,
F00411,4,4,53,2,2,4,2,27,,9
F00411,5,4,85,,2,2,3,15,,
F00412,4,3,31,,2,4,1,10,15,
F00412,4,3,33,,2,4,1,10,35,
F00412,5,3,59,2,2,4,4,10,,6
F00413,5,2,58,2,2,4,2,23,,5
F00413,5,2,60,,1,5,2,23,30,
F00414,4,3,31,,1,6,1,30,35,
F00414,2,3,58,,2,4,2,30,15,
F00414,3,3,58,2,1,5,2,30,15,9
F00415,3,4,25,,1,5,1,25,40,
F00415,3,4,27,,2,5,1,27,,
F00415,3,4,49,,2,4,2,30,,
F00415,4,4,54,2,1,4,2,30,30,5
F00416,4,1,36,2,1,6,1,30,,4
F00417,3,4,38,,2,6,2,38,,
F00417,3,4,42,2,1,7,2,15,50,6
F00418,4,4,16,,2,4,1,16,20,
F00418,5,4,48,,2,5,2,48,10,
F00418,5,4,48,2,1,4,2,28,40,6
F00419,5,2,66,,2,3,2,41,50,
F00419,5,2,66,2,1,3,2,41,20,5
F00420,1,3,47,,1,6,4,36,30,
F00420,3,3,73,,2,4,2,36,,
F00420,3,3,74,2,1,4,2,36,30,9
F00421,4,3,27,,1,5,1,19,,
F00421,4,3,55,,2,4,2,19,,
F00421,4,3,65,2,1,4,2,7,40,6
F00422,2,2,70,2,1,4,2,37,,5
F00422,2,2,72,,2,2,2,37,,
F00423,4,4,17,,2,4,1,17,15,
F00423,4,4,44,,2,5,2,20,,
F00423,4,4,46,2,1,5,2,20,50,7
F00424,4,2,55,2,2,5,1,25,,4
F00424,4,2,78,,2,5,3,25,,
F00425,3,3,17,,2,4,1,17,30,
F00425,4,3,46,,2,4,2,19,50,
F00425,4,3,47,2,1,4,2,19,,3
F00426,5,1,77,2,2,2,3,77,,2
F00427,2,3,30,,2,5,1,21,50,
F00427,4,3,59,,2,4,2,21,,
F00427,4,3,61,2,1,6,2,20,30,5
F00428,4,4,36,,1,4,1,31,40,
F00428,4,4,38,,1,3,1,31,40,
F00428,5,4,59,,2,2,2,31,,
F00428,5,4,69,2,1,4,2,31,,7
F00429,5,2,78,,2,2,2,20,,
F00429,5,2,83,3,1,2,2,20,,1
F00430,5,1,62,3,1,4,4,30,30,5
F00431,1,1,76,3,2,2,4,20,,2
F00432,5,2,71,,2,2,2,35,,
F00432,5,2,71,3,1,2,2,35,,1
F00433,5,2,72,,2,3,2,30,,
F00433,5,2,80,3,1,3,2,30,,2
F00434,4,2,24,,2,6,1,24,40,
F00434,5,2,58,3,2,5,3,58,,4
F00435,4,3,22,,1,6,1,22,,
F00435,3,3,24,,1,6,1,24,,
F00435,4,3,48,3,1,4,4,25,40,5
F00436,3,4,29,,2,6,2,4,30,
F00436,3,4,56,3,1,5,2,4,30,5
F00437,5,1,57,3,2,2,4,10,10,2
F00438,4,3,36,,2,6,1,36,,
F00438,4,3,60,,2,3,2,40,,
F00438,4,3,60,3,1,2,2,40,,2
F00439,5,4,24,,1,6,1,24,30,
F00439,4,4,26,,2,4,1,26,,
F00439,4,4,28,3,2,6,1,28,15,4
F00439,5,4,58,,2,4,3,30,,
F00440,5,1,65,1,1,6,2,30,,2
F00441,4,1,64,1,2,3,4,17,,3
F00442,5,1,82,1,1,1,4,50,,2
F00443,5,1,78,1,1,1,3,25,,1
F00444,3,4,20,,2,5,1,20,10,
F00444,3,4,25,,1,4,1,25,10,
F00444,2,4,48,,2,4,2,23,10,
F00444,3,4,55,3,1,4,2,23,30,4
F00445,4,2,65,,2,4,2,36,,
F00445,4,2,70,3,1,4,2,36,,3
F00446,2,1,57,3,1,6,4,2,,3
F00447,3,3,21,,2,5,1,21,50,
F00447,3,3,59,3,2,3,2,30,,3
F00447,4,3,62,,1,5,2,30,,
F00448,4,1,29,3,2,4,1,29,30,3
F00449,5,2,44,,2,4,2,22,30,
F00449,5,2,53,3,1,6,2,22,40,5
F00450,2,3,32,,2,7,1,25,20,
F00450,4,3,64,,2,4,2,25,,
F00450,4,3,67,3,1,4,2,25,,6
F00451,5,1,60,3,2,3,4,32,5,3
F00452,3,2,24,,1,6,1,2,10,
F00452,3,2,54,3,2,5,2,2,,4
F00453,4,2,82,,2,2,2,50,,
F00453,4,2,85,3,1,7,2,50,,3
F00454,2,2,33,,2,4,1,3,,
F00454,4,2,61,3,1,4,4,3,50,4
F00455,4,3,60,,1,5,4,21,,
F00455,4,3,81,3,1,3,2,21,,4
F00455,4,3,82,,2,3,2,21,,
F00456,3,2,61,,1,6,2,30,,
F00456,4,2,64,3,2,3,2,30,,4
F00457,3,2,62,,2,2,2,40,,
F00457,3,2,67,3,1,2,2,40,5,4
F00458,3,2,24,,2,6,1,2,,
F00458,3,2,54,3,1,4,3,2,,3
F00459,5,2,72,,2,2,2,42,,
F00459,5,2,80,3,1,2,2,42,,3
F00460,4,2,17,,1,4,1,17,20,
F00460,2,2,45,3,2,4,4,22,20,3
F00461,4,4,15,,2,4,1,15,15,
F00461,4,4,46,3,2,5,2,20,10,7
F00461,4,4,76,,2,2,3,30,,
F00462,4,3,29,,1,6,1,20,30,
F00462,5,3,54,,2,4,2,20,,
F00462,5,3,57,3,1,4,2,20,20,5
F00463,4,2,32,,2,5,2,20,10,
F00463,4,2,34,3,1,5,2,34,30,7
F00464,4,4,39,,2,4,2,20,10,
F00464,4,4,41,3,1,5,2,14,,3
F00465,4,3,27,,2,5,1,27,50,
F00465,4,3,50,,2,4,2,30,30,
F00465,4,3,63,3,1,4,2,35,20,7
F00466,4,2,39,3,1,6,2,39,40,5
F00466,4,2,43,,2,5,2,16,,
F00467,1,5,15,,2,3,1,15,10,
F00467,2,5,18,,1,4,1,18,40,
F00467,3,5,21,,2,6,1,21,10,
F00467,5,5,43,,2,4,2,22,30,
F00467,5,5,57,3,1,4,2,27,30,8
F00468,2,2,53,,2,5,2,30,20,
F00468,2,2,60,3,1,4,2,30,,4
F00469,4,2,68,,2,5,2,20,,
F00469,5,2,72,3,1,6,2,20,,3
F00470,4,3,29,,1,5,1,29,20,
F00470,4,3,31,,2,5,1,31,,
F00470,4,3,61,3,2,3,4,32,10,4
F00471,3,2,30,,2,5,1,30,,
F00471,5,2,51,3,2,3,2,31,5,6
F00472,5,1,59,3,2,4,4,30,25,3
F00473,3,3,40,,2,6,2,20,,
F00473,3,3,40,3,1,6,2,20,40,5
F00474,4,2,23,2,1,5,2,23,10,4
F00474,4,2,24,,2,4,2,24,,
F00475,2,3,25,,1,6,1,25,,
F00475,5,3,56,,2,4,2,38,30,
F00475,5,3,61,2,1,4,2,38,30,6
F00476,5,3,40,,1,6,2,19,40,
F00476,4,3,63,,2,2,2,19,,
F00476,2,3,71,2,1,3,2,19,,5
F00477,3,4,25,,1,5,1,4,,
F00477,2,4,29,,1,5,1,4,,
F00477,4,4,63,,2,4,2,5,,
F00477,4,4,65,2,1,5,2,5,,4
F00478,5,3,46,,1,6,1,46,,
F00478,4,3,67,,2,3,2,47,10,
F00478,4,3,73,2,1,3,2,73,,4
F00479,3,5,44,,1,6,4,44,40,
F00479,4,5,47,,1,5,1,47,,
F00479,4,5,68,,2,2,2,52,20,
F00479,4,5,71,2,1,2,2,52,,5
F00480,3,2,72,,2,4,2,30,,
F00480,4,2,77,2,1,3,2,30,,3
F00481,4,4,23,,1,5,1,23,30,
F00481,4,4,28,,1,5,1,28,20,
F00481,2,4,51,2,2,4,2,28,15,6
F00481,4,4,53,,1,4,2,28,25,
F00482,1,1,29,2,1,4,1,26,40,4
F00483,5,2,73,,2,2,2,48,,
F00483,5,2,76,2,1,4,2,48,30,4
F00484,1,4,15,,2,3,1,15,15,
F00484,1,4,22,,2,5,1,22,,
F00484,4,4,52,,2,7,2,21,,
F00484,4,4,53,2,1,6,2,21,50,10
F00485,4,1,72,2,2,8,4,30,,4
F00486,3,3,35,,1,5,1,30,20,
F00486,4,3,59,,2,3,2,30,30,
F00486,3,3,59,2,1,3,2,30,30,4
F00487,5,3,36,,2,5,2,20,30,
F00487,5,3,41,2,1,7,2,10,40,8
F00488,4,2,34,,2,6,2,7,,
F00488,4,2,36,2,1,6,2,7,20,6
F00489,2,2,26,,2,5,1,2,30,
F00489,3,2,28,2,1,5,1,2,,3
F00490,5,2,69,,2,3,2,44,5,
F00490,5,2,72,2,1,1,2,44,5,4
F00491,5,2,26,,2,6,2,1,20,
F00491,4,2,28,2,1,6,2,1,30,6
F00492,5,4,38,,2,6,2,38,,
F00492,1,4,39,2,1,6,2,15,30,5
F00493,4,2,80,,2,3,2,2,,
F00493,4,2,83,2,1,4,2,2,,3
F00494,5,1,58,2,2,5,4,30,30,3
F00495,4,2,75,,2,4,2,15,5,
F00495,4,2,75,2,1,4,2,15,5,4
F00496,4,2,62,,2,5,2,31,,
F00496,4,2,64,2,1,6,2,31,40,5
F00497,4,3,34,,1,6,1,34,40,
F00497,4,3,63,,2,4,2,37,,
F00497,2,3,63,2,1,6,2,37,,9
F00498,5,4,36,,2,6,2,34,,
F00498,5,4,38,2,1,5,2,34,20,9
F00499,4,1,60,2,2,3,4,16,30,3
F00500,4,2,77,2,2,2,2,41,,3
F00500,4,2,82,,1,4,2,41,,
F00501,4,1,72,2,2,3,4,50,,3
F00502,4,4,37,,2,5,2,34,,
F00502,2,4,42,2,1,5,2,8,15,4
F00503,2,2,27,,2,6,1,27,20,
F00503,4,2,61,2,1,5,4,25,,5
F00504,3,5,19,,2,4,1,19,,
F00504,3,5,20,,2,5,1,20,,
F00504,3,5,42,,2,2,2,30,,
F00504,4,5,58,3,1,4,2,30,20,3
F00505,4,3,26,,2,6,1,26,,
F00505,5,3,56,,2,4,2,33,30,
F00505,5,3,58,3,1,4,2,33,,6
F00506,3,3,46,,1,4,1,40,30,
F00506,4,3,48,,1,4,1,46,40,
F00506,3,3,65,3,2,2,3,40,50,3
F00507,3,1,39,3,1,5,1,1,35,3
F00508,4,4,44,,2,4,2,35,30,
F00508,4,4,45,3,1,4,2,45,,5
F00509,4,2,47,3,1,4,4,40,15,4
F00509,4,2,76,,2,3,3,50,,
F00510,3,2,63,,2,4,2,40,,
F00510,3,2,67,3,1,3,2,40,,2
F00511,3,2,48,,1,5,1,4,,
F00511,3,2,79,3,2,2,3,4,,5
F00512,3,3,28,,2,6,1,28,40,
F00512,3,3,55,,2,6,2,30,20,
F00512,2,3,58,3,1,4,2,40,30,5
F00513,3,2,23,,1,6,1,23,,
F00513,4,2,77,3,2,3,3,26,30,2
F00514,4,1,37,1,1,7,1,5,,4
F00515,3,1,30,1,1,5,1,10,50,3
F00516,2,1,33,1,2,6,1,6,,4
F00517,4,3,40,,2,4,2,15,,
F00517,4,3,44,1,1,4,2,40,,6
F00518,4,1,67,1,1,2,3,60,,1
F00519,4,4,22,,1,6,1,18,20,
F00519,4,4,53,,2,6,2,18,30,
F00519,5,4,59,2,1,6,2,18,30,7
F00519,4,4,85,,1,3,3,2,20,
F00520,4,3,56,,2,3,2,18,30,
F00520,4,3,64,2,1,4,2,18,30,5
F00520,5,3,85,,2,2,3,8,,
F00521,4,3,46,,1,6,1,46,30,
F00521,4,3,50,,2,4,4,50,,
F00521,4,3,77,2,2,4,3,50,,4
F00522,4,3,17,,2,4,1,17,10,
F00522,4,3,48,,2,4,2,25,40,
F00522,4,3,55,2,1,5,2,30,,9
F00523,4,4,40,,2,5,2,12,,
F00523,4,4,44,2,1,6,2,14,30,6
F00524,3,4,17,,2,4,1,17,30,
F00524,4,4,50,,2,5,2,19,20,
F00524,4,4,59,2,1,6,2,19,20,5
F00525,2,2,76,,1,4,2,45,,
F00525,5,2,78,2,2,4,2,30,,5
F00526,4,3,24,,2,5,1,24,30,
F00526,3,3,54,2,1,6,4,40,,6
F00526,5,3,81,,1,4,3,35,,
F00527,4,5,17,,2,4,1,16,30,
F00527,2,5,47,,2,6,2,18,15,
F00527,2,5,47,2,1,6,2,18,30,7
F00528,3,4,22,,1,6,1,22,,
F00528,2,4,24,,1,6,1,23,30,
F00528,4,4,51,,2,5,2,26,30,
F00528,4,4,56,2,1,7,2,26,10,5
F00529,2,4,15,,1,4,1,15,40,
F00529,3,4,18,,2,4,1,18,40,
F00529,4,4,43,,2,4,2,16,30,
F00529,5,4,48,2,1,4,2,25,30,6
F00530,4,4,16,,2,4,1,10,20,
F00530,4,4,20,,1,4,1,10,,
F00530,4,4,52,2,1,6,4,10,,6
F00531,5,1,61,2,1,3,3,45,,2
F00532,3,2,40,2,1,5,2,7,,6
F00532,4,2,41,,2,6,2,7,20,
F00533,4,1,77,2,2,2,3,20,,2
F00534,4,2,45,,2,6,2,22,20,
F00534,4,2,50,2,1,5,2,30,10,8
F00535,5,2,31,,2,6,2,31,,
F00535,5,2,32,2,1,6,2,3,20,6
F00536,3,3,26,,1,6,1,16,30,
F00536,4,3,27,,2,7,1,16,,
F00536,4,3,55,2,2,5,2,16,25,6
F00537,4,4,16,,1,4,1,16,20,
F00537,3,4,19,,1,6,1,19,,
F00537,4,4,45,,2,5,2,20,15,
F00537,3,4,53,2,1,4,2,35,,7
F00538,4,3,38,,2,7,2,5,,
F00538,4,3,45,2,1,6,2,5,20,7
F00539,4,2,32,,2,7,1,32,30,
F00539,3,2,59,2,2,4,3,57,40,8
F00540,3,3,17,,2,4,1,10,15,
F00540,4,3,46,2,1,6,2,10,10,8
F00540,4,3,47,,2,4,2,10,10,
F00541,3,4,16,,2,4,1,16,30,
F00541,4,4,46,,2,5,2,18,,
F00541,3,4,48,2,1,6,2,18,30,6
F00542,3,2,31,2,2,6,2,1,,10
F00542,1,2,34,,1,6,2,1,30,
F00543,4,2,35,,1,6,1,10,,
F00543,4,2,60,2,2,5,2,34,10,6
F00544,3,3,21,,1,5,1,17,,
F00544,4,3,47,,2,4,2,17,,
F00544,4,3,55,2,1,4,2,17,50,6
F00545,5,2,58,,2,4,2,26,,
F00545,5,2,61,2,1,6,2,26,,7
F00546,4,3,34,,2,6,2,30,30,
F00546,4,3,37,2,1,6,2,2,,7
F00547,5,3,41,,2,6,2,41,,
F00547,5,3,42,2,1,6,2,12,,10
F00548,2,3,23,,2,6,1,12,40,
F00548,4,3,47,,2,5,2,12,,
F00548,4,3,53,2,1,6,2,13,,6
F00549,5,3,29,,2,6,1,29,20,
F00549,5,3,59,,2,4,2,33,,
F00549,4,3,59,2,1,6,2,33,40,6
F00550,5,3,18,,2,4,1,18,25,
F00550,5,3,50,,2,6,2,18,30,
F00550,5,3,51,2,1,6,2,18,20,5
F00551,4,3,21,,2,5,1,17,30,
F00551,4,3,51,,2,7,2,17,20,
F00551,3,3,52,2,1,7,2,17,20,7
F00552,4,3,42,2,2,7,2,4,30,10
F00552,2,3,48,,1,6,2,4,10,
F00553,4,4,44,,2,6,2,13,,
F00553,4,4,45,2,1,7,2,13,30,5
F00554,4,4,40,2,1,4,2,30,15,4
F00554,4,4,41,,2,4,2,10,,
F00555,3,4,16,,1,4,1,9,25,
F00555,4,4,19,,2,5,1,9,30,
F00555,4,4,44,,2,6,2,9,20,
F00555,4,4,48,2,1,6,2,9,45,10
F00556,4,4,20,,2,5,1,15,,
F00556,4,4,23,,1,6,1,15,30,
F00556,2,4,48,,2,6,2,15,,
F00556,2,4,51,2,1,4,2,15,30,8
F00557,5,4,15,,1,4,1,14,20,
F00557,4,4,20,,2,6,1,15,30,
F00557,4,4,49,,2,7,2,20,15,
F00557,4,4,49,2,1,6,2,20,30,9
F00558,5,3,18,,1,4,1,16,25,
F00558,4,3,53,,2,6,2,16,,
F00558,4,3,53,2,1,6,2,16,45,8
F00559,4,1,66,2,2,5,2,10,,10
F00560,5,3,25,,1,5,1,24,,
F00560,1,3,28,,2,6,1,1,15,
F00560,4,3,53,2,2,4,2,33,30,7
F00561,4,3,37,,1,6,1,33,,
F00561,4,3,67,,2,3,2,33,,
F00561,4,3,69,2,1,4,2,33,,10
F00562,4,4,16,,2,4,1,15,10,
F00562,4,4,43,,2,6,2,11,30,
F00562,5,4,46,2,1,6,2,11,40,9
F00563,3,4,36,,2,6,2,6,,
F00563,3,4,40,2,1,6,2,6,,7
F00564,5,3,27,,1,6,1,27,40,
F00564,5,3,56,,2,6,2,31,40,
F00564,5,3,60,2,1,4,2,31,40,7
F00565,4,4,16,,2,4,1,16,15,
F00565,4,4,21,,2,6,1,21,,
F00565,4,4,47,2,1,6,2,30,,9
F00565,4,4,49,,2,5,2,46,20,
F00566,4,4,30,,2,6,1,18,20,
F00566,4,4,31,,1,6,1,18,20,
F00566,4,4,57,,2,4,2,18,20,
F00566,4,4,60,2,1,6,2,18,20,10
F00567,4,4,23,,1,6,1,23,20,
F00567,4,4,30,,2,6,1,30,20,
F00567,4,4,61,,2,6,2,30,30,
F00567,4,4,61,2,1,6,2,30,,8
F00568,4,3,23,,2,5,1,23,20,
F00568,4,3,50,,2,5,2,30,,
F00568,2,3,56,2,1,6,2,37,20,5
F00569,4,3,40,,2,7,2,30,35,
F00569,4,3,41,2,1,6,2,30,50,7
F00570,4,1,48,2,2,7,1,1,,7
F00571,4,2,65,,2,3,2,37,,
F00571,4,2,67,2,1,3,2,37,20,3
F00572,4,4,27,,2,5,1,27,,
F00572,5,4,30,,2,5,1,30,,
F00572,5,4,59,,2,3,2,35,15,
F00572,5,4,60,2,1,2,2,35,15,5
F00573,4,1,64,2,1,2,3,15,,4
F00574,4,2,85,,2,2,2,7,,
F00574,4,2,85,2,1,6,2,7,,2
F00575,5,2,60,2,1,4,2,36,20,6
F00575,4,2,62,,2,4,2,36,,
F00576,4,4,18,,1,4,1,10,20,
F00576,4,4,20,,2,6,1,10,30,
F00576,4,4,48,,2,6,2,10,,
F00576,4,4,51,2,1,8,2,10,30,10
F00577,4,1,64,2,2,3,3,40,,2
F00578,4,1,55,2,1,6,1,30,,3
F00579,4,4,24,,2,5,1,24,30,
F00579,3,4,27,,1,6,1,23,40,
F00579,3,4,54,,2,6,2,22,30,
F00579,4,4,58,2,1,5,2,22,,7
F00580,4,2,40,,1,6,1,30,50,
F00580,3,2,62,2,2,6,4,38,10,6
F00581,1,4,15,,2,4,1,14,15,
F00581,4,4,18,,2,4,1,18,20,
F00581,4,4,46,,2,5,2,23,15,
F00581,4,4,52,2,1,5,2,25,10,7
F00582,5,4,25,,2,6,1,8,40,
F00582,3,4,28,,1,4,1,8,20,
F00582,3,4,53,,2,7,2,8,20,
F00582,3,4,57,2,1,6,2,8,30,10
F00583,3,4,16,,1,4,1,10,20,
F00583,4,4,46,,2,6,2,29,30,
F00583,3,4,48,2,1,6,2,22,30,6
F00584,4,2,45,2,1,5,1,40,20,6
F00584,4,2,71,,2,2,3,60,,
F00585,4,4,23,,1,6,1,14,10,
F00585,3,4,27,,2,5,1,14,30,
F00585,4,4,54,,2,4,2,14,,
F00585,4,4,55,2,1,4,2,14,30,10
F00586,4,5,35,,2,6,2,8,,
F00586,4,5,39,2,1,5,2,8,,6
F00587,4,2,72,,2,2,2,52,,
F00587,5,2,83,2,1,2,2,52,20,4
F00588,4,1,78,2,2,5,2,51,,5
F00589,3,3,27,,1,6,1,4,,
F00589,3,3,54,,2,4,2,4,15,
F00589,4,3,61,2,1,4,2,4,,7
F00590,3,4,22,,1,6,1,20,30,
F00590,3,4,24,,2,6,1,23,30,
F00590,3,4,53,2,1,5,2,25,25,7
F00590,4,4,55,,2,6,2,27,20,
F00591,4,4,33,2,1,6,2,3,10,6
F00591,4,4,36,,2,7,2,3,20,
F00592,3,3,42,,2,6,2,14,10,
F00592,4,3,45,2,1,6,2,14,10,7
F00593,4,3,28,,2,5,1,27,10,
F00593,5,3,55,,2,3,2,30,30,
F00593,5,3,65,2,1,3,2,30,15,4
F00594,4,5,19,,2,6,1,10,20,
F00594,4,5,22,,1,6,1,12,,
F00594,4,5,48,,2,4,2,12,,
F00594,3,5,55,2,1,4,2,12,,6
F00594,3,5,85,,2,2,2,12,,
F00595,5,3,38,,2,6,2,13,10,
F00595,5,3,40,2,1,7,2,40,,7
F00596,4,4,21,,2,6,1,21,,
F00596,4,4,24,,1,6,1,20,,
F00596,2,4,52,,2,4,2,20,20,
F00596,4,4,56,2,1,4,2,20,30,9
F00597,3,5,45,,2,6,2,13,,
F00597,4,5,49,2,1,6,2,13,10,10
F00598,4,5,16,,1,4,1,16,20,
F00598,4,5,45,,2,6,2,30,20,
F00598,4,5,46,2,1,6,2,30,30,10
F00598,4,5,76,,2,2,2,11,,
F00599,3,3,29,,1,6,1,29,,
F00599,4,3,56,,2,4,2,35,,
F00599,4,3,59,2,1,6,2,35,30,6
F00600,4,4,15,,2,3,1,15,20,
F00600,4,4,19,,2,4,1,19,,
F00600,4,4,51,,2,6,2,27,30,
F00600,4,4,53,2,1,6,2,30,30,10
F00601,3,3,25,,2,5,1,20,20,
F00601,3,3,26,,1,5,1,26,25,
F00601,4,3,85,2,2,2,3,40,,6
F00602,2,3,45,,2,6,2,8,,
F00602,3,3,49,2,1,7,2,18,,8
F00603,2,5,17,,2,4,1,17,30,
F00603,1,5,22,,2,6,1,22,,
F00603,3,5,49,,2,5,2,25,,
F00603,4,5,51,2,1,6,2,30,10,6
F00603,4,5,76,,2,4,3,30,,
F00604,4,3,20,,2,5,1,7,30,
F00604,4,3,50,,2,5,2,7,,
F00604,5,3,54,2,1,7,2,44,10,6
F00605,5,3,29,,1,6,1,29,,
F00605,5,3,56,,2,4,2,34,,
F00605,4,3,61,2,1,4,2,34,50,5
F00606,4,2,21,,2,5,1,18,25,
F00606,3,2,52,2,1,6,2,19,15,7
F00607,4,3,30,,1,5,1,30,,
F00607,4,3,66,,2,2,2,40,,
F00607,5,3,70,2,1,2,2,40,,6
F00608,3,3,38,,2,5,1,28,,
F00608,4,3,40,,2,6,1,28,,
F00608,3,3,71,2,1,5,3,28,20,8
F00609,4,1,45,1,1,4,1,25,10,6
F00610,4,2,54,,2,4,2,23,20,
F00610,2,2,57,1,1,4,2,25,20,6
F00611,3,4,43,,2,6,2,40,,
F00611,4,4,43,1,1,6,2,13,,7
F00612,5,2,52,,1,4,1,43,20,
F00612,5,2,74,1,2,3,3,43,,5
F00613,5,1,66,1,2,3,2,36,,7
F00614,4,3,37,,1,6,1,15,20,
F00614,4,3,61,,2,4,2,15,20,
F00614,4,3,64,1,1,7,2,40,,4
F00615,5,1,36,1,2,6,2,36,,5
F00616,4,1,82,3,1,3,3,12,,2
F00617,4,3,25,,2,6,1,20,30,
F00617,5,3,28,,2,6,1,20,,
F00617,2,3,58,1,2,4,3,20,,5
F00618,1,3,34,,2,4,1,4,30,
F00618,3,3,63,,2,6,2,4,30,
F00618,3,3,66,1,1,6,2,4,,7
F00619,4,2,74,3,2,4,2,40,30,4
F00619,5,2,77,,1,3,2,40,,
F00620,4,1,71,3,2,2,4,25,,3
F00621,4,3,22,,2,4,1,2,30,
F00621,2,3,55,,1,4,1,2,,
F00621,3,3,59,3,2,4,4,2,30,4
F00622,5,1,34,3,2,6,1,28,30,4
F00623,4,1,70,3,2,2,3,30,,2
F00624,4,3,43,,2,6,2,13,25,
F00624,4,3,45,2,1,6,2,13,30,9
F00625,4,2,62,,2,2,2,1,,
F00625,4,2,69,2,1,2,2,1,,4
F00626,4,2,64,,2,5,2,32,20,
F00626,4,2,64,2,1,6,2,33,,5
F00627,5,4,39,,2,6,2,29,15,
F00627,4,4,40,2,1,6,2,29,,7
F00628,1,3,43,,2,5,2,13,40,
F00628,3,3,43,2,1,5,2,12,10,10
F00629,4,4,20,,2,6,1,20,,
F00629,3,4,22,,1,6,1,22,,
F00629,4,4,52,,2,5,2,30,40,
F00629,5,4,56,2,1,4,2,20,20,3
F00630,1,4,39,,2,6,2,1,,
F00630,3,4,41,2,1,6,2,1,,7
F00631,4,4,20,,2,4,1,14,30,
F00631,4,4,21,,2,6,1,14,30,
F00631,4,4,48,,2,5,2,14,,
F00631,4,4,52,2,1,5,2,14,,10
F00632,4,1,53,2,2,4,2,30,15,6
F00633,4,3,41,2,1,6,2,32,30,10
F00633,4,3,43,,2,5,2,43,20,
F00634,4,4,41,,2,6,2,15,30,
F00634,5,4,42,2,1,6,2,15,25,8
F00635,5,2,77,,2,4,2,20,,
F00635,5,2,79,2,1,4,2,20,,3
F00636,4,4,35,,2,6,2,34,,
F00636,4,4,40,2,1,6,2,9,,8
F00637,4,3,31,2,1,6,1,31,30,5
F00637,3,3,56,,2,4,2,35,30,
F00637,4,3,60,,1,4,2,43,20,
F00638,4,3,42,,1,4,1,35,,
F00638,4,3,63,,2,4,2,35,,
F00638,4,3,67,2,1,4,2,35,,3
F00639,5,1,72,2,2,4,3,42,,1
F00640,5,4,27,,1,6,1,17,,
F00640,3,4,29,,1,6,1,18,,
F00640,5,4,61,,2,4,2,19,30,
F00640,1,4,61,2,1,5,2,19,40,4
F00641,4,4,20,,2,6,1,16,50,
F00641,4,4,21,,2,6,1,16,,
F00641,5,4,47,,2,4,2,16,20,
F00641,3,4,48,2,1,6,2,16,30,6
F00642,3,2,55,,2,5,2,18,40,
F00642,2,2,58,2,1,5,2,22,20,10
F00643,5,4,44,,2,6,2,44,,
F00643,5,4,45,2,1,6,2,10,,5
F00643,4,4,72,,1,4,4,45,,
F00644,4,4,21,,2,5,1,12,15,
F00644,4,4,23,,1,6,1,12,,
F00644,4,4,46,,2,6,2,12,15,
F00644,4,4,56,2,1,6,2,12,40,10
F00645,4,4,40,,2,5,2,10,,
F00645,4,4,44,2,1,5,2,10,20,8
F00646,4,2,69,,2,4,2,11,55,
F00646,4,2,73,2,1,3,2,11,50,3
F00647,4,4,33,,1,6,1,30,50,
F00647,4,4,38,2,1,7,1,30,50,6
F00647,2,4,63,,2,6,2,30,15,
F00647,1,4,69,,1,6,2,30,,
F00648,2,2,60,,2,5,2,15,,
F00648,4,2,64,2,1,6,2,15,,4
F00649,5,3,38,,2,5,2,9,,
F00649,4,3,41,2,1,6,2,20,50,7
F00650,4,2,63,,2,4,2,28,,
F00650,4,2,66,2,1,5,2,28,,6
F00651,3,4,17,,2,4,1,12,,
F00651,4,4,48,,2,6,2,12,10,
F00651,4,4,50,2,1,6,2,12,20,5
F00652,4,2,78,,2,4,2,29,,
F00652,5,2,79,2,1,4,2,29,,2
F00653,3,3,46,,2,6,2,10,,
F00653,5,3,46,2,1,6,2,10,10,5
F00654,3,3,30,,2,5,2,20,40,
F00654,4,3,30,2,1,5,2,30,30,4
F00655,5,2,20,,2,5,1,20,20,
F00655,4,2,45,2,2,5,4,20,20,4
F00656,5,3,39,,2,4,2,15,15,
F00656,5,3,39,2,1,5,2,7,30,3
F00657,4,1,72,2,2,2,4,10,20,2
F00658,3,2,62,,2,3,2,40,30,
F00658,4,2,66,2,1,3,2,41,,2
F00659,3,2,46,2,1,6,2,4,50,4
F00659,3,2,48,,2,5,2,4,,
F00660,5,2,64,,2,3,2,30,20,
F00660,3,2,67,2,1,4,2,30,15,4
F00661,4,1,55,2,2,6,4,27,10,2
F00662,5,1,71,2,2,4,4,5,,1
F00663,2,2,61,2,1,2,1,28,30,2
F00664,2,2,73,2,2,2,2,28,10,1
F00665,2,3,18,,1,6,1,11,30,
F00665,5,3,73,,2,2,2,33,30,
F00665,1,3,82,2,1,1,2,33,15,2
F00666,4,3,16,,1,4,1,3,30,
F00666,3,3,44,,2,4,2,3,,
F00666,4,3,46,2,1,5,2,3,30,4
F00667,5,2,72,2,2,3,2,5,20,2
F00667,4,2,78,,1,3,2,5,,
F00668,3,2,43,2,2,7,1,22,40,4
F00668,3,2,71,,2,4,2,2,10,
F00669,4,5,19,,2,5,1,19,20,
F00669,3,5,19,,2,6,1,19,30,
F00669,4,5,22,,2,6,1,22,40,
F00669,2,5,51,,2,6,2,22,10,
F00669,4,5,58,2,1,6,2,22,20,7
F00670,3,4,18,,1,4,1,18,,
F00670,4,4,20,,1,5,1,20,10,
F00670,4,4,50,,2,5,2,22,,
F00670,4,4,51,2,1,6,2,22,10,7
F00671,4,2,65,,2,6,2,16,,
F00671,4,2,72,2,1,7,2,25,10,4
F00672,2,3,44,,2,4,2,25,,
F00672,3,3,46,2,1,6,2,16,50,9
F00673,5,2,62,,2,6,2,30,,
F00673,5,2,65,2,1,6,2,55,30,8
F00674,5,3,29,,1,6,1,19,,
F00674,4,3,56,,2,5,2,18,10,
F00674,5,3,63,2,1,5,2,18,30,5
F00675,4,2,56,,2,4,2,28,,
F00675,4,2,67,2,1,4,2,29,,4
F00676,2,4,15,,1,3,1,15,10,
F00676,2,4,17,,2,4,1,17,20,
F00676,5,4,47,,2,6,2,22,,
F00676,4,4,48,2,1,7,2,20,10,8
F00677,1,4,17,,2,4,1,10,15,
F00677,4,4,24,,1,6,1,8,10,
F00677,4,4,53,,2,5,2,10,,
F00677,4,4,55,2,1,6,2,10,,5
F00678,4,3,25,,1,5,1,25,40,
F00678,4,3,60,,2,4,2,29,45,
F00678,3,3,60,2,1,5,2,29,,7
F00679,4,2,34,,2,6,1,29,,
F00679,4,2,70,2,1,4,3,10,,4
F00680,2,3,45,,2,6,2,12,,
F00680,4,3,49,2,1,7,2,25,,5
F00681,4,2,39,2,1,6,2,14,5,7
F00682,4,3,22,,2,6,1,15,50,
F00682,4,3,51,,2,6,2,20,30,
F00682,4,3,56,2,1,6,2,20,10,10
F00683,4,5,34,,2,6,2,8,,
F00683,4,5,37,2,1,6,2,8,50,7
F00684,3,1,30,2,1,6,1,2,40,5
F00685,4,1,34,2,1,7,1,2,20,4
F00686,3,1,57,2,2,6,1,14,,5
F00687,4,1,51,2,1,5,1,51,20,5
F00688,3,1,43,2,2,6,1,4,20,5
F00689,4,1,39,2,2,6,1,3,20,5
F00690,3,2,23,,2,6,1,20,40,
F00690,4,2,51,2,2,4,3,20,30,3
F00691,3,1,25,2,2,6,1,2,15,2
F00692,2,1,84,2,2,3,3,3,,2
F00693,4,1,61,2,2,2,4,30,15,3
F00694,5,1,63,2,2,5,1,14,20,2
F00695,2,1,40,2,1,6,1,5,,5
F00696,3,1,30,2,2,6,1,1,15,7
F00697,4,1,29,2,2,7,1,29,,1
F00698,4,2,31,,2,5,1,11,30,
F00698,3,2,58,2,1,4,2,30,,5
F00699,4,2,61,,2,4,2,15,,
F00699,4,2,63,2,1,4,2,15,20,7
F00700,5,3,26,,1,3,1,18,,
F00700,2,3,54,,2,6,2,27,,
F00700,2,3,58,2,1,6,2,27,,7
F00701,4,2,67,,2,7,2,19,,
F00701,4,2,67,2,1,6,2,19,,6
F00702,2,4,26,,2,6,1,17,,
F00702,3,4,55,,2,6,2,18,20,
F00702,3,4,60,2,1,6,2,25,10,10
F00702,4,4,83,,2,2,3,18,,
F00703,3,2,52,2,2,6,2,2,30,7
F00703,4,2,85,,2,3,3,5,,
F00704,3,4,24,,2,6,1,24,,
F00704,2,4,30,,1,6,1,30,,
F00704,4,4,53,,2,6,2,33,,
F00704,4,4,57,2,1,7,2,33,,8
F00705,2,3,29,,2,6,1,22,20,
F00705,2,3,59,2,1,7,2,22,,4
F00705,4,3,61,,2,6,2,21,,
F00706,4,3,43,,2,7,2,15,,
F00706,4,3,48,2,1,6,2,48,50,10
F00707,3,3,22,,2,6,1,1,,
F00707,4,3,51,,2,5,2,1,,
F00707,3,3,53,2,1,5,2,1,30,6
F00708,4,3,24,,2,5,1,24,,
F00708,4,3,52,,2,4,2,52,,
F00708,4,3,52,2,1,6,2,40,,10
F00709,4,2,66,2,2,4,2,23,,9
F00709,2,2,70,,1,5,2,23,,
F00710,1,4,24,,1,5,1,23,40,
F00710,4,4,35,,2,6,1,23,,
F00710,5,4,60,,2,5,2,25,,
F00710,5,4,64,2,1,5,2,25,20,7
F00711,4,1,60,2,1,6,2,30,,4
F00712,3,4,22,,2,5,1,22,30,
F00712,4,4,23,,1,6,1,20,,
F00712,4,4,50,,2,5,2,19,30,
F00712,4,4,55,2,1,6,2,20,10,7
F00713,3,3,31,,1,6,1,8,50,
F00713,5,3,58,,2,6,2,9,40,
F00713,4,3,58,2,1,7,2,10,40,10
F00714,3,3,22,,1,5,1,2,30,
F00714,3,3,77,,2,2,2,5,,
F00714,3,3,79,3,1,3,2,5,,3
F00715,3,3,20,,1,5,1,19,,
F00715,3,3,35,,1,5,1,30,,
F00715,3,3,56,3,2,4,4,30,10,3
F00716,3,4,29,,2,5,1,28,,
F00716,3,4,35,,1,5,1,30,30,
F00716,3,4,58,,2,4,2,30,30,
F00716,3,4,67,3,1,4,2,30,30,3
F00717,3,2,18,,1,4,1,17,10,
F00717,4,2,48,3,2,4,3,20,,3
F00718,3,3,48,,2,7,2,12,,
F00718,3,3,50,3,1,4,2,12,50,4
F00719,4,1,51,3,1,7,1,14,,1
F00720,4,2,48,,2,3,4,7,50,
F00720,4,2,76,3,2,2,3,7,15,4
F00721,4,2,60,,2,4,2,30,,
F00721,4,2,62,3,1,3,2,30,45,4
F00722,4,1,64,3,1,4,4,35,,2
F00723,3,2,24,,1,5,1,20,,
F00723,4,2,48,3,2,4,2,20,,6
F00724,4,2,65,,2,4,2,42,,
F00724,4,2,66,1,1,4,2,42,,3
F00725,3,3,19,,2,4,1,15,30,
F00725,1,3,36,1,2,4,2,15,30,4
F00725,3,3,37,,1,4,2,15,,
F00726,4,4,17,,1,4,1,17,40,
F00726,3,4,21,,2,6,1,19,,
F00726,4,4,46,,2,4,2,20,10,
F00726,3,4,49,1,1,4,2,20,30,6
F00727,4,1,54,1,2,5,4,21,10,3
F00728,2,1,62,3,1,2,1,12,,2
F00729,3,3,40,,1,6,1,35,30,
F00729,4,3,65,,2,4,2,35,,
F00729,4,3,66,2,1,4,2,35,,6
F00730,2,5,15,,1,3,1,15,15,
F00730,3,5,45,,2,6,2,44,,
F00730,3,5,46,2,1,6,2,17,10,10
F00731,4,2,62,,2,6,2,35,20,
F00731,5,2,63,2,1,7,2,35,40,9
F00732,2,2,68,,2,4,2,32,,
F00732,4,2,70,2,1,6,2,32,,4
F00733,4,2,62,,2,6,2,40,,
F00733,4,2,66,2,1,6,2,35,,6
F00734,4,2,29,,2,6,1,26,20,
F00734,5,2,57,2,2,8,2,30,40,10
F00735,4,4,16,,1,4,1,16,10,
F00735,4,4,46,,2,4,2,37,10,
F00735,4,4,49,2,1,5,2,37,40,10
F00736,3,4,15,,1,4,1,15,30,
F00736,5,4,47,,2,5,2,16,,
F00736,5,4,51,2,1,6,2,25,45,10
F00737,4,3,28,,1,7,1,27,10,
F00737,4,3,29,,1,7,1,29,,
F00737,4,3,60,2,2,6,2,34,40,8
F00738,4,2,83,,2,4,2,35,,
F00738,4,2,84,2,1,6,2,35,,4
F00739,3,1,32,2,2,6,1,23,,4
F00740,4,1,85,2,2,4,3,32,,3
F00741,3,4,18,,1,4,1,17,17,
F00741,3,4,21,,1,6,1,20,,
F00741,5,4,44,,2,6,2,21,,
F00741,4,4,50,2,1,6,2,21,20,10
F00742,5,2,70,,2,6,2,43,,
F00742,5,2,75,2,1,6,2,43,,9
F00743,4,3,23,,1,6,1,23,20,
F00743,4,3,54,,2,5,2,23,35,
F00743,5,3,56,2,1,4,2,28,15,10
F00744,4,2,63,,2,3,2,29,,
F00744,4,2,68,3,1,3,2,29,,4
F00745,4,3,65,,2,4,2,50,,
F00745,4,3,71,3,1,4,2,70,20,3
F00745,4,3,85,,2,2,3,70,,
F00746,4,1,85,3,2,1,3,39,,2
F00747,4,2,67,,2,4,2,20,,
F00747,5,2,68,3,1,7,2,20,,5
F00748,4,2,41,,2,5,1,23,,
F00748,4,2,65,3,2,1,3,23,30,6
F00749,4,2,68,,2,3,2,50,30,
F00749,4,2,74,3,1,4,2,50,,4
F00750,4,2,71,3,2,1,2,20,,2
F00750,4,2,79,,1,1,2,20,,
F00751,1,4,17,,2,4,1,8,10,
F00751,5,4,19,,1,4,1,8,20,
F00751,5,4,47,,2,4,2,8,10,
F00751,3,4,47,3,1,4,2,8,15,5
F00752,4,1,49,3,1,4,4,4,30,5
F00753,4,3,19,,2,6,1,19,,
F00753,4,3,49,,2,6,2,30,40,
F00753,5,3,52,3,1,6,2,45,,3
F00754,4,1,53,3,2,4,4,30,15,3
F00755,3,3,27,,1,5,1,27,15,
F00755,3,3,55,3,2,3,4,30,10,4
F00755,4,3,82,,2,2,3,10,,
F00756,4,1,66,3,1,2,4,33,,3
F00757,5,4,24,,1,6,1,10,,
F00757,3,4,25,,2,4,1,25,20,
F00757,5,4,51,,2,4,2,27,40,
F00757,4,4,54,3,1,5,2,29,20,5
F00758,4,2,71,,2,4,2,40,,
F00758,3,2,73,3,1,4,2,40,20,3
F00759,4,1,28,4,2,6,1,6,30,4
F00760,4,1,30,4,2,6,1,2,15,4
F00761,3,1,44,4,1,6,2,8,40,5
F00762,3,1,26,4,2,6,1,1,20,4
F00763,4,1,31,4,1,6,1,4,,1
F00764,1,1,56,4,1,6,4,2,30,3
F00765,4,1,34,4,2,6,1,4,30,4
F00766,2,1,24,4,1,6,1,1,30,5
F00767,3,1,35,4,1,6,1,7,,5
F00768,2,1,31,4,2,6,1,1,20,5
F00769,2,1,28,4,2,6,1,6,15,5
F00770,4,1,29,4,1,6,1,3,20,4
F00771,4,1,45,4,2,5,1,44,,3
F00772,4,1,42,4,1,6,1,15,,6
F00773,3,1,25,4,2,6,1,1,20,3
F00774,2,1,50,2,2,5,1,1,15,2
F00775,4,2,68,,2,4,2,2,,
F00775,3,2,74,2,1,4,2,2,,3
F00776,4,2,63,,2,3,2,42,25,
F00776,4,2,67,2,1,3,2,42,20,4
F00777,5,1,71,2,2,5,2,5,20,3
F00778,1,3,39,,2,5,2,4,,
F00778,2,3,40,2,1,6,2,4,10,10
F00779,2,4,24,,1,5,1,5,20,
F00779,3,4,30,,2,6,1,5,,
F00779,5,4,52,,2,4,2,5,,
F00779,5,4,56,2,1,6,2,5,,8
F00780,4,2,35,,2,7,2,1,,
F00780,4,2,35,2,1,7,2,1,15,10
F00781,4,4,38,,2,6,2,10,40,
F00781,4,4,39,2,1,5,2,10,20,9
F00782,2,1,53,2,2,7,1,1,,5
F00783,4,2,40,2,2,4,1,17,30,4
F00783,1,2,66,,2,1,3,17,,
F00784,5,2,41,2,1,6,2,30,50,7
F00784,4,2,42,,2,6,2,30,30,
F00785,5,2,77,,2,3,2,20,,
F00785,5,2,78,2,1,3,2,20,,3
F00786,4,1,53,2,2,4,4,18,20,3
F00787,4,2,77,,2,4,2,2,,
F00787,4,2,82,2,1,5,2,2,30,4
F00788,4,3,30,2,2,6,2,7,,5
F00788,2,3,31,,1,7,2,2,,
F00789,4,3,36,,2,6,2,6,,
F00789,4,3,38,2,1,6,2,6,10,6
F00790,4,4,25,,1,6,1,21,,
F00790,4,4,36,,2,7,1,4,,
F00790,4,4,61,,2,4,2,30,,
F00790,3,4,62,2,1,5,2,30,,10
F00791,3,1,42,2,1,6,2,20,,5
F00792,4,1,26,2,2,7,2,7,40,8
F00793,5,1,64,2,2,7,3,20,,5
F00794,4,1,85,2,2,2,3,9,,1
F00795,4,1,52,2,2,6,2,25,,7
F00796,4,2,32,,2,6,2,7,20,
F00796,4,2,32,2,1,6,2,7,,6
F00797,4,2,47,2,1,6,2,15,,6
F00797,4,2,48,,2,6,2,15,,
F00798,4,1,82,2,2,2,3,5,,2
F00799,3,3,33,,2,6,2,4,,
F00799,3,3,36,2,1,6,2,4,40,4
F00800,4,2,44,,2,7,2,16,40,
F00800,3,2,44,2,1,6,2,16,40,10
F00801,5,2,81,,2,3,2,6,,
F00801,5,2,83,2,1,3,2,6,,7
F00802,3,2,47,2,1,6,1,19,,4
F00802,3,2,80,,2,4,3,19,,
F00803,1,2,83,,2,2,2,3,,
F00803,1,2,85,2,1,3,2,3,,3
F00804,4,1,73,2,2,3,3,9,,3
F00805,4,5,17,,1,4,1,5,20,
F00805,4,5,21,,2,6,1,5,,
F00805,4,5,23,,2,7,1,5,,
F00805,5,5,51,,2,6,2,5,,
F00805,4,5,55,2,1,8,2,5,30,10
F00806,3,3,25,,2,6,1,20,,
F00806,4,3,53,,2,6,2,26,,
F00806,2,3,57,2,1,7,2,26,40,10
F00807,4,4,40,,2,5,2,40,,
F00807,3,4,41,2,1,6,2,12,50,10
F00808,4,4,15,,1,3,1,15,20,
F00808,2,4,19,,2,6,1,19,30,
F00808,4,4,43,,2,4,2,21,,
F00808,5,4,48,2,1,5,2,21,30,8
F00809,2,3,50,2,1,5,3,25,10,10
F00809,2,3,58,,2,5,3,6,,
F00810,4,5,33,,2,6,2,7,20,
F00810,3,5,34,2,1,6,2,10,30,10
F00811,1,1,46,2,2,6,2,21,30,8
F00812,2,2,16,,2,4,1,16,,
F00812,4,2,54,2,2,4,4,20,,4
F00813,2,2,24,,2,6,1,17,20,
F00813,4,2,52,2,2,6,2,17,,8
F00814,3,3,33,2,2,8,2,10,20,6
F00815,4,3,42,,2,5,2,12,,
F00815,4,3,43,2,1,4,2,25,10,6
F00816,3,2,63,,2,6,2,5,,
F00816,2,2,64,2,1,6,2,5,,4
F00817,4,4,18,,1,5,1,18,30,
F00817,4,4,44,,2,6,2,20,,
F00817,4,4,47,2,1,5,2,18,,10
F00818,2,4,35,,2,6,2,10,,
F00818,2,4,40,2,1,6,2,10,20,7
F00819,4,2,73,,2,4,2,20,,
F00819,3,2,77,2,1,4,2,20,,2
F00820,4,2,59,,2,4,2,15,30,
F00820,4,2,65,2,1,6,2,15,,4
F00821,4,3,44,2,2,6,4,20,40,3
F00821,3,3,66,,2,3,3,25,10,
F00822,4,2,55,2,1,2,2,20,30,5
F00822,4,2,61,,2,3,2,20,30,
F00823,4,1,65,2,2,4,3,21,,1
F00824,3,4,19,,2,5,1,7,30,
F00824,3,4,46,,2,5,2,7,,
F00824,4,4,46,2,1,6,2,7,,6
F00825,5,1,59,2,1,4,3,16,45,4
F00826,4,3,29,,2,6,1,28,15,
F00826,4,3,57,2,1,5,2,31,20,5
F00826,4,3,58,,2,4,2,31,,
F00827,5,2,38,2,1,6,2,38,30,8
F00827,4,2,39,,2,6,2,39,30,
F00828,5,4,36,,2,5,2,8,,
F00828,4,4,39,2,1,6,2,8,20,8
F00829,2,3,37,,1,6,2,12,10,
F00829,4,3,38,2,2,6,2,11,10,6
F00830,1,1,48,2,1,6,1,11,,5
F00831,4,2,61,,2,4,2,28,20,
F00831,4,2,61,2,1,4,2,28,20,3
F00832,3,4,21,,1,5,1,5,,
F00832,3,4,52,,2,5,2,5,20,
F00832,4,4,53,2,1,6,2,5,40,7
F00833,4,1,33,2,1,6,1,5,15,5
F00834,3,1,85,4,2,2,3,1,,6
F00835,3,2,66,,2,3,2,4,,
F00835,2,2,68,4,1,4,2,6,30,4
F00836,3,1,30,4,1,6,1,1,10,7
F00837,4,1,27,4,2,6,1,27,10,4
F00838,4,1,52,4,1,4,4,26,30,5
F00839,5,1,28,4,2,7,1,28,10,5
F00840,4,1,33,4,1,6,1,20,,6
F00841,4,1,43,4,2,5,1,25,30,3
F00842,5,1,31,4,1,6,1,1,45,8
F00843,4,1,37,4,1,6,1,5,15,5
F00844,4,1,27,4,2,6,1,1,20,4
F00845,3,1,35,4,2,5,1,15,20,4
F00846,4,1,47,4,1,6,1,20,15,3
F00847,4,1,30,4,1,6,1,4,15,4
F00848,4,1,39,4,1,6,1,2,30,4
F00849,4,3,27,,1,4,1,13,,
F00849,3,3,37,,2,7,1,13,,
F00849,4,3,61,4,2,6,4,10,20,5
F00850,4,2,38,4,2,6,2,28,15,10
F00851,5,2,53,,2,4,2,28,,
F00851,5,2,53,4,1,5,2,28,30,5
F00852,5,1,58,4,1,6,4,29,20,10
F00853,2,1,20,4,2,5,1,17,20,2
F00854,5,2,77,,2,5,2,14,,
F00854,5,2,78,4,1,7,2,14,,4
F00855,3,4,44,,2,6,2,40,,
F00855,3,4,44,4,1,6,2,15,30,4
F00856,1,1,50,4,2,6,2,5,30,4
F00857,4,3,23,,1,4,1,20,,
F00857,4,3,59,,2,7,2,20,10,
F00857,4,3,61,4,1,7,2,20,10,6
F00858,2,3,21,,2,6,1,15,,
F00858,4,3,25,,1,6,1,15,30,
F00858,5,3,52,4,2,6,4,15,15,4
F00859,4,1,51,4,2,5,4,10,10,2
F00860,4,1,51,4,2,6,4,17,10,3
F00861,4,4,32,4,1,6,2,30,10,4
F00861,4,4,47,,2,6,2,5,,
F00862,4,3,15,,1,4,1,15,30,
F00862,4,3,18,,1,4,1,18,20,
F00862,2,3,48,4,2,5,2,48,,6
F00863,4,1,48,4,1,6,4,14,55,10
F00864,3,3,37,,2,7,2,5,,
F00864,4,3,41,2,1,7,2,5,20,6
F00865,5,5,40,,2,6,2,2,10,
F00865,5,5,41,2,1,7,2,2,20,10
F00866,5,4,43,,2,6,2,10,20,
F00866,4,4,43,2,1,6,2,10,30,8
F00867,4,4,39,,2,5,2,10,,
F00867,4,4,41,2,1,6,2,11,30,8
F00868,3,3,39,,1,6,1,3,,
F00868,3,3,62,,2,3,2,3,,
F00868,4,3,66,2,1,4,2,3,,6
F00869,3,3,48,,2,7,2,14,,
F00869,3,3,49,2,1,6,2,15,30,8
F00870,3,3,35,,2,6,2,3,40,
F00870,4,3,37,2,1,6,2,3,,4
F00871,3,4,18,,2,4,1,17,15,
F00871,3,4,23,,1,6,1,20,,
F00871,2,4,51,,2,7,2,43,10,
F00871,3,4,52,2,1,6,2,20,30,6
F00872,4,3,37,2,1,6,2,5,20,6
F00872,4,3,38,,2,6,2,5,,
F00873,2,2,39,,2,8,2,1,50,
F00873,3,2,39,2,1,7,2,1,30,9
F00874,4,1,46,2,1,6,1,46,10,9
F00875,5,2,55,,2,4,2,30,30,
F00875,5,2,55,2,1,4,2,30,30,10
F00876,4,1,80,2,2,6,4,20,,3
F00877,4,2,34,2,1,6,2,2,20,6
F00877,3,2,37,,2,5,2,2,40,
F00878,4,1,40,2,1,6,1,10,45,9
F00879,4,2,72,,2,4,2,30,,
F00879,4,2,73,2,1,4,2,30,,3
F00880,3,3,35,,2,5,2,5,40,
F00880,3,3,39,2,1,7,2,5,30,5
F00881,4,2,29,,2,6,2,1,20,
F00881,4,2,31,2,1,6,2,1,10,10
F00882,4,2,70,,2,1,2,20,,
F00882,4,2,83,2,1,1,2,20,,3
F00883,3,2,29,2,1,7,2,17,10,6
F00883,4,2,33,,2,7,2,30,20,
F00884,4,1,46,2,1,6,1,5,20,7
F00885,4,3,32,,2,6,2,5,20,
F00885,4,3,34,2,1,5,2,5,15,6
F00886,4,2,33,,2,5,2,2,,
F00886,4,2,33,2,1,5,2,5,,6
F00887,3,2,55,2,2,8,1,10,40,6
F00887,3,2,85,,2,4,3,10,,
F00888,3,1,58,2,2,6,1,18,,4
F00889,2,3,38,2,1,6,2,1,,6
F00889,2,3,39,,2,6,2,1,,
F00890,2,2,51,2,1,6,4,1,,3
F00890,3,2,80,,2,3,3,3,,
F00891,4,2,70,,2,3,2,15,,
F00891,4,2,76,2,1,4,2,15,,3
F00892,2,1,49,2,2,6,1,15,15,4
F00893,5,4,43,,2,5,2,9,,
F00893,4,4,43,2,1,6,2,9,30,3
F00894,4,1,29,2,1,6,1,6,,5
F00895,2,1,30,2,2,6,1,1,10,5
F00896,4,2,27,,1,5,1,1,20,
F00896,4,2,58,2,1,6,4,1,,5
F00897,4,3,64,,2,3,2,42,,
F00897,4,3,72,2,1,3,2,42,30,3
F00898,3,2,64,,2,4,2,30,,
F00898,5,2,67,2,1,3,2,30,10,3
F00899,3,2,39,2,2,7,1,10,20,6
F00899,2,2,66,,2,4,4,10,30,
F00900,4,1,26,2,1,6,1,2,30,5
F00901,4,2,47,,1,5,1,1,,
F00901,2,2,53,2,2,8,4,1,,4
F00902,5,1,57,2,2,4,3,28,20,3
F00903,4,1,85,2,2,3,3,21,,2
F00904,5,3,35,,2,5,2,2,,
F00904,5,3,40,2,1,6,2,2,30,5
F00905,4,1,78,2,2,2,3,40,,1
F00906,4,1,36,2,1,7,1,22,20,5
F00907,5,4,20,,2,6,1,20,50,
F00907,4,4,22,,2,5,1,22,40,
F00907,4,4,26,,2,4,1,26,5,
F00907,5,4,52,2,2,4,4,48,15,5
F00908,3,2,49,,1,4,1,30,,
F00908,4,2,76,2,2,4,3,30,30,5
F00909,4,1,37,2,2,7,1,25,30,6
F00910,3,3,17,,2,4,1,6,50,
F00910,4,3,46,,2,6,2,6,,
F00910,3,3,46,2,1,6,2,6,40,9
F00911,1,3,16,,1,4,1,12,30,
F00911,4,3,47,,2,7,2,12,30,
F00911,4,3,52,2,1,6,2,12,45,10
F00912,4,3,38,,2,8,2,10,30,
F00912,4,3,41,2,1,6,2,10,20,10
F00913,2,3,48,,1,5,1,1,,
F00913,2,3,54,,2,4,2,29,,
F00913,1,3,61,2,1,4,2,29,,4
F00914,2,3,37,,2,5,2,1,40,
F00914,4,3,39,2,1,6,2,25,20,6
F00915,4,3,42,,2,6,2,6,,
F00915,3,3,45,2,1,3,2,6,20,6
F00916,4,4,34,,2,6,2,23,,
F00916,5,4,42,2,1,1,2,20,20,6
F00917,3,2,65,,2,4,2,30,,
F00917,3,2,65,2,1,4,2,30,,3
F00918,4,2,65,,2,4,2,40,,
F00918,4,2,66,2,1,4,2,40,,3
F00919,3,1,34,2,1,6,1,1,,3
F00920,4,3,36,,2,6,2,10,,
F00920,4,3,41,2,1,6,2,10,30,6
F00921,4,3,29,,1,6,1,20,,
F00921,4,3,60,,2,6,2,21,20,
F00921,4,3,61,2,1,6,2,21,30,6
F00922,3,2,38,,2,6,2,2,10,
F00922,2,2,43,2,1,6,2,1,40,10
F00923,4,1,36,2,1,7,1,7,15,8
F00924,3,4,15,,2,4,1,15,15,
F00924,3,4,45,,2,5,2,16,30,
F00924,5,4,51,2,1,6,2,16,,8
F00925,4,5,39,,1,6,1,12,,
F00925,4,5,40,,2,7,2,10,50,
F00925,4,5,42,2,1,7,2,12,,10
F00926,4,3,39,,2,7,2,32,,
F00926,4,3,39,2,1,8,2,12,,10
F00927,4,3,36,2,1,6,2,10,30,5
F00927,5,3,37,,2,6,2,3,,
F00928,3,4,19,,1,4,1,4,30,
F00928,3,4,23,,2,6,1,4,30,
F00928,4,4,54,,2,6,2,4,,
F00928,4,4,54,2,1,8,2,4,30,10
F00929,2,4,15,,1,3,1,15,5,
F00929,2,4,17,,2,4,1,16,20,
F00929,4,4,46,,2,6,2,16,30,
F00929,4,4,48,2,1,6,2,17,45,9
F00930,4,4,45,,2,6,2,3,,
F00930,4,4,46,2,1,6,2,3,50,10
F00931,3,3,49,,2,6,2,11,,
F00931,4,3,52,2,1,5,2,35,,6
F00932,3,3,33,,1,4,1,30,20,
F00932,4,3,61,,2,4,2,30,20,
F00932,4,3,62,2,1,4,2,30,40,9
F00933,4,2,80,,2,2,2,26,,
F00933,4,2,85,2,1,4,2,26,,3
F00934,4,4,50,,2,4,2,8,,
F00934,3,4,50,2,1,4,2,8,20,4
F00935,1,4,42,,2,6,2,30,,
F00935,2,4,42,2,1,6,2,40,30,7
F00936,3,3,20,,1,6,1,19,40,
F00936,3,3,49,,2,6,2,19,,
F00936,2,3,49,2,1,6,2,19,,7
F00937,5,3,60,2,1,6,2,20,,3
F00937,5,3,61,,2,4,2,20,,
F00938,3,4,32,,2,4,1,25,,
F00938,3,4,69,,2,2,2,25,,
F00938,4,4,71,2,1,2,2,25,10,5
F00939,4,2,66,,2,4,2,25,,
F00939,3,2,68,1,1,4,2,25,,4
F00940,4,3,39,,2,6,2,25,,
F00940,4,3,42,1,1,7,2,15,40,6
F00941,4,5,40,,2,6,2,12,7,
F00941,4,5,43,1,1,6,2,12,30,8
F00942,3,2,62,1,1,6,2,38,,3
F00942,3,2,64,,2,4,2,38,,
F00943,5,2,38,,2,5,2,28,10,
F00943,5,2,38,1,1,4,2,10,30,7
F00944,4,1,79,1,2,4,3,10,,1
F00945,4,2,39,,2,6,2,4,,
F00945,4,2,42,1,1,6,2,4,10,5
F00946,2,4,17,,2,4,1,11,15,
F00946,1,4,45,,2,4,2,11,,
F00946,1,4,49,1,1,6,2,11,,8
F00947,4,1,40,1,1,6,1,25,30,5
F00948,5,1,78,1,2,2,3,43,5,2
F00949,5,1,34,1,2,7,2,8,20,8
F00950,2,1,45,3,1,6,1,6,30,5
F00951,5,1,81,1,2,1,3,15,,1
F00952,3,4,38,,2,6,2,1,,
F00952,4,4,41,1,1,7,2,15,30,7
F00953,4,4,25,,1,4,1,20,20,
F00953,4,4,27,,2,5,1,20,,
F00953,4,4,51,,2,6,2,20,20,
F00953,4,4,55,1,1,6,2,18,40,8
F00954,1,3,30,,1,6,1,30,20,
F00954,4,3,54,,2,4,2,33,10,
F00954,4,3,57,1,1,6,2,33,9,5
F00955,4,4,44,,2,6,2,11,,
F00955,4,4,47,1,1,5,2,14,30,4
F00956,3,6,32,,2,8,2,2,,
F00956,2,6,33,1,1,6,2,2,40,8
F00957,2,3,27,,2,6,1,2,10,
F00957,4,3,62,1,2,4,4,2,30,5
F00957,3,3,80,,2,2,3,2,,
F00958,2,4,15,,1,3,1,9,10,
F00958,3,4,18,,2,4,1,9,,
F00958,4,4,48,,2,6,2,9,10,
F00958,3,4,51,1,1,6,2,9,20,10
F00959,4,3,42,,2,6,2,10,20,
F00959,4,3,47,1,1,6,2,10,20,4
F00960,4,3,39,,1,5,1,20,20,
F00960,4,3,62,,2,2,2,20,,
F00960,3,3,66,1,1,2,2,20,20,4
F00961,3,2,27,,2,5,1,24,,
F00961,3,2,53,1,2,4,2,24,50,3
F00962,4,1,33,1,1,6,1,3,10,5
F00963,3,2,72,,2,4,2,40,,
F00963,5,2,75,1,1,4,2,40,,4
F00964,5,2,32,,2,7,2,2,30,
F00964,4,2,35,1,1,7,2,3,40,8
F00965,3,1,48,1,2,7,2,24,10,5
F00966,3,2,26,1,1,6,2,2,20,5
F00966,4,2,35,,2,6,2,2,20,
F00967,4,6,42,,2,6,2,42,,
F00967,5,6,44,,2,7,2,44,,
F00967,5,6,46,2,1,7,2,15,20,10
F00968,3,4,16,,1,4,1,12,10,
F00968,3,4,45,,2,5,2,12,,
F00968,4,4,46,2,1,6,2,10,40,6
F00969,5,2,83,,2,3,2,50,,
F00969,5,2,85,2,1,8,2,50,,5
F00970,3,4,28,,1,8,1,25,20,
F00970,4,4,32,,1,6,1,18,30,
F00970,4,4,57,,2,6,2,25,10,
F00970,3,4,61,2,1,6,2,25,50,10
F00971,4,4,19,,1,5,1,17,,
F00971,4,4,23,,1,6,1,20,,
F00971,3,4,50,,2,6,2,18,,
F00971,4,4,50,2,1,6,2,18,30,10
F00972,4,5,38,2,1,6,4,38,30,8
F00972,3,5,66,,2,2,2,39,,
F00972,4,5,67,,1,3,2,39,40,
F00973,4,3,20,,2,6,1,18,30,
F00973,3,3,52,2,1,6,2,30,30,7
F00973,3,3,61,,2,4,2,26,30,
F00974,5,1,80,2,2,5,3,30,,4
F00975,3,4,24,,1,6,1,21,30,
F00975,4,4,30,,2,6,1,20,,
F00975,4,4,57,,2,6,2,22,,
F00975,3,4,60,2,1,6,2,21,,6
F00976,4,3,24,,1,6,1,24,30,
F00976,5,3,51,,2,6,2,25,10,
F00976,4,3,54,2,1,7,2,30,10,10
F00977,3,4,44,,2,6,2,6,10,
F00977,3,4,45,2,1,6,2,6,30,10
F00978,4,4,15,,1,3,1,15,10,
F00978,3,4,45,,2,7,2,5,30,
F00978,4,4,48,2,1,6,2,5,,10
F00979,3,4,39,2,2,5,2,15,,10
F00980,3,4,39,,2,6,2,30,,
F00980,3,4,51,2,1,6,2,40,40,10
F00981,3,3,50,,2,5,2,50,30,
F00981,4,3,56,2,1,7,2,30,50,10
F00982,3,4,21,,1,6,1,19,,
F00982,3,4,22,,1,6,1,19,,
F00982,2,4,25,,2,6,1,19,50,
F00982,2,4,47,2,2,4,2,19,,10
F00983,4,5,16,,1,4,1,16,10,
F00983,2,5,19,,1,4,1,15,,
F00983,4,5,20,,2,6,1,15,,
F00983,3,5,46,,2,6,2,15,15,
F00983,1,5,49,2,1,8,2,15,40,10
F00984,4,4,44,,2,6,1,24,,
F00984,4,4,73,,2,4,2,24,,
F00984,5,4,73,2,1,7,2,24,20,6
F00985,3,4,15,,1,3,1,13,20,
F00985,4,4,17,,1,4,1,13,20,
F00985,5,4,46,2,2,7,2,13,,10
F00986,4,3,15,,2,3,1,3,10,
F00986,2,3,45,2,2,7,2,3,10,10
F00987,3,6,16,,2,4,1,12,20,
F00987,2,6,48,2,1,8,2,14,10,10
F00987,2,6,49,,2,6,2,14,10,
F00987,1,6,79,,1,2,3,14,,
F00988,3,4,22,,2,4,1,22,20,
F00988,3,4,25,,2,6,1,25,,
F00988,4,4,53,,2,6,2,26,,
F00988,2,4,56,2,1,7,2,25,20,10
F00989,4,3,42,,2,6,1,30,,
F00989,3,3,69,,2,5,2,30,,
F00989,4,3,71,2,1,6,2,30,20,10
F00990,4,4,22,,1,6,1,22,10,
F00990,5,4,25,,2,6,1,25,,
F00990,4,4,52,,2,7,2,26,25,
F00990,3,4,54,2,1,7,2,25,15,10
F00991,1,2,27,,1,7,1,2,,
F00991,2,2,58,2,2,6,2,2,,5
F00992,3,3,48,,2,6,2,10,30,
F00992,3,3,49,2,1,8,2,20,,9
F00993,3,3,50,,2,7,2,8,40,
F00993,3,3,53,2,1,6,2,8,40,10
F00994,4,4,17,,2,4,1,11,20,
F00994,4,4,19,,2,6,1,11,,
F00994,4,4,51,,2,6,2,18,,
F00994,4,4,51,2,1,6,2,11,20,10
F00995,2,4,38,,2,6,2,10,10,
F00995,3,4,40,2,1,6,2,11,,10
F00996,4,5,18,,1,4,1,18,30,
F00996,5,5,20,,2,6,1,20,,
F00996,3,5,49,,2,6,2,23,,
F00996,4,5,49,,2,7,1,23,10,
F00996,5,5,50,2,1,6,2,45,,8
F00997,4,4,39,2,2,8,2,8,30,10
F00997,4,4,64,,2,6,3,8,,
F00998,4,2,60,,2,6,2,20,10,
F00998,4,2,62,2,1,7,2,30,10,5
F00999,4,2,82,,2,6,2,27,,
F00999,4,2,83,2,1,6,2,27,,3
F01000,4,4,34,,2,7,2,30,20,
F01000,4,4,40,2,1,6,2,30,30,8
F01001,4,3,16,,1,4,1,16,20,
F01001,4,3,47,,2,6,2,19,20,
F01001,4,3,48,2,1,6,2,20,,10
F01002,5,3,25,,2,6,1,25,,
F01002,4,3,63,,2,5,2,63,40,
F01002,4,3,65,2,1,6,2,63,40,10
F01003,3,4,19,,1,5,1,19,10,
F01003,3,4,23,,2,6,1,23,,
F01003,3,4,50,,2,6,2,30,,
F01003,4,4,55,2,1,7,2,30,50,9
F01004,4,2,80,,2,6,2,22,,
F01004,3,2,82,2,1,6,2,22,,5
F01005,3,5,15,,1,3,1,9,20,
F01005,3,5,43,,2,7,2,9,10,
F01005,3,5,44,2,1,8,2,9,20,10
F01005,3,5,69,,2,6,3,9,,
F01006,4,2,55,2,1,6,2,16,,8
F01006,4,2,56,,2,4,2,16,,
F01007,3,3,22,,1,6,1,22,10,
F01007,4,3,28,,2,6,1,22,50,
F01007,4,3,57,2,2,6,2,22,,6
F01008,4,4,39,,2,5,1,19,30,
F01008,4,4,40,,2,4,1,19,,
F01008,4,4,65,,2,4,2,19,,
F01008,3,4,72,2,1,6,2,19,,5
F01009,3,3,31,,1,6,1,31,30,
F01009,4,3,67,2,1,6,2,41,,5
F01009,2,3,68,,2,5,2,41,,
F01010,3,5,19,,1,6,1,16,30,
F01010,4,5,20,,1,6,1,16,20,
F01010,4,5,47,,2,6,2,16,,
F01010,5,5,49,2,1,7,2,15,20,10
F01011,4,2,58,,2,6,2,23,,
F01011,4,2,63,2,1,7,2,23,20,9
F01012,5,1,51,1,1,3,1,15,,2
F01013,4,3,28,,1,4,1,21,,
F01013,4,3,62,,2,4,2,40,,
F01013,5,3,62,1,1,4,2,21,,5
F01014,5,2,77,,2,3,2,40,,
F01014,5,2,78,1,1,4,2,40,,4
F01015,4,3,30,,1,5,1,8,15,
F01015,4,3,61,,2,4,2,8,15,
F01015,4,3,62,1,1,4,2,8,15,6
F01016,5,1,67,1,2,2,4,30,,4
F01017,4,1,85,1,1,2,2,89,,2
F01018,4,2,33,1,1,6,1,21,,6
F01018,5,2,59,,2,6,4,21,25,
F01019,4,1,82,1,2,1,3,30,,1
F01020,4,1,25,1,1,6,1,1,10,4
F01021,5,1,28,1,1,6,1,1,20,5
F01022,4,2,60,,2,4,2,21,20,
F01022,4,2,67,1,1,4,2,43,30,4
F01023,2,2,64,,2,4,2,3,15,
F01023,4,2,70,1,1,4,2,3,,3
F01024,3,2,25,,2,4,1,3,20,
F01024,4,2,49,1,2,4,4,3,20,5
F01025,4,1,26,1,2,6,1,17,,2
F01026,3,2,35,,2,4,2,1,20,
F01026,3,2,42,1,1,4,2,2,25,5
F01027,5,4,37,,2,6,2,11,7,
F01027,4,4,37,2,1,6,2,11,10,7
F01028,1,4,30,,2,6,2,1,,
F01028,1,4,33,2,1,6,2,1,30,4
F01028,1,4,61,,2,4,2,1,,
F01029,3,2,39,,2,5,2,4,40,
F01029,3,2,42,2,1,6,2,4,40,9
F01030,3,1,59,2,2,4,3,13,,3
F01031,2,3,29,,1,6,2,3,20,
F01031,4,3,37,2,2,6,2,28,10,5
F01032,1,4,27,,1,6,1,27,55,
F01032,2,4,29,,1,5,1,29,30,
F01032,4,4,53,,2,4,2,48,30,
F01032,4,4,66,2,1,3,2,30,20,5
F01033,4,3,32,,2,6,2,4,5,
F01033,4,3,36,2,1,6,2,4,,10
F01034,4,4,33,,2,6,2,4,15,
F01034,4,4,35,2,1,6,2,4,,7
F01035,4,3,38,,1,5,1,5,,
F01035,2,3,67,,2,4,2,7,,
F01035,2,3,69,2,1,4,2,7,50,7
F01036,4,3,38,,2,6,2,9,30,
F01036,4,3,38,2,1,6,2,4,20,9
F01037,3,4,19,,2,6,1,6,,
F01037,3,4,50,,2,5,2,6,,
F01037,3,4,53,2,1,5,2,6,15,5
F01038,4,1,51,2,1,4,1,25,30,7
F01039,3,2,48,2,1,6,2,20,,6
F01039,3,2,49,,2,5,2,16,,
F01040,2,4,49,,2,5,2,23,,
F01040,4,4,51,2,1,6,2,48,15,7
F01041,3,2,34,,2,6,2,4,40,
F01041,4,2,38,2,1,6,2,8,30,6
F01042,5,1,69,3,1,3,3,20,10,2
F01043,5,2,45,3,2,5,1,45,50,6
F01043,5,2,79,,2,2,3,45,,
F01044,5,1,85,3,2,5,3,51,,3
F01045,4,2,26,,1,6,1,2,30,
F01045,4,2,30,3,2,7,1,5,,4
F01046,4,1,31,3,1,6,1,8,30,4
F01047,4,2,34,3,1,6,1,30,,5
F01047,4,2,65,,2,4,4,45,,
F01048,5,2,72,,2,4,2,35,30,
F01048,5,2,73,3,1,4,2,35,20,4
F01049,3,2,59,,2,4,2,6,30,
F01049,3,2,59,3,1,4,2,7,,5
F01050,4,1,47,3,2,6,1,13,,6
F01051,5,2,37,3,1,6,1,36,,4
F01051,5,2,66,,2,3,3,40,25,
F01052,2,3,29,,2,8,1,5,30,
F01052,4,3,52,,2,5,2,10,15,
F01052,5,3,53,3,1,5,2,10,20,6
F01053,2,2,69,,2,2,2,18,,
F01053,4,2,77,3,1,2,2,18,,3
F01054,2,5,20,,1,4,1,19,,
F01054,3,5,22,,2,6,1,16,,
F01054,3,5,26,,2,6,1,19,,
F01054,4,5,54,3,1,6,2,22,20,9
F01054,4,5,55,,2,4,2,22,30,
F01055,1,3,19,,2,4,1,16,30,
F01055,3,3,24,,2,6,1,24,,
F01055,3,3,51,3,2,7,4,27,30,4
F01056,3,2,26,3,2,6,1,1,20,5
F01056,3,2,28,,2,6,1,3,20,
F01057,3,3,39,,2,7,2,34,30,
F01057,2,3,40,2,1,7,2,16,25,3
F01058,3,3,23,,2,6,1,15,20,
F01058,4,3,53,,2,4,2,15,30,
F01058,4,3,56,2,1,6,2,15,15,7
F01059,5,3,47,,1,4,1,25,20,
F01059,3,3,56,2,1,4,4,35,,5
F01059,3,3,78,,2,1,3,10,,
F01060,4,4,18,,1,4,1,17,30,
F01060,4,4,21,,2,6,1,20,10,
F01060,5,4,48,,2,6,2,40,15,
F01060,4,4,51,2,1,6,2,51,20,6
F01061,4,3,41,2,1,5,2,37,20,4
F01061,4,3,45,,2,6,2,21,,
F01062,5,3,34,,1,5,1,34,40,
F01062,5,3,59,,2,3,2,35,20,
F01062,5,3,64,2,1,2,2,40,50,7
F01063,5,1,63,2,1,4,4,42,30,3
F01064,4,4,26,,1,6,1,20,50,
F01064,4,4,28,,2,6,1,20,30,
F01064,2,4,58,,2,6,2,20,30,
F01064,5,4,62,2,1,7,2,23,15,10
F01065,4,3,27,,1,6,1,27,40,
F01065,4,3,54,,2,6,2,28,,
F01065,4,3,58,2,1,6,2,28,50,6
F01066,4,2,65,,2,4,2,34,,
F01066,4,2,69,2,1,4,2,45,30,3
F01067,5,1,54,2,2,4,2,33,10,10
F01068,4,4,23,,1,6,1,22,,
F01068,4,4,26,,1,5,1,25,10,
F01068,2,4,56,,2,4,2,29,30,
F01068,5,4,57,2,1,4,2,28,,6
F01069,4,3,37,2,1,5,2,6,50,7
F01069,4,3,38,,2,5,2,38,,
F01070,5,3,26,,1,4,1,10,,
F01070,5,3,31,,1,6,1,10,15,
F01070,5,3,33,2,2,6,1,10,,3
F01071,5,3,21,,2,5,1,17,,
F01071,5,3,48,,2,6,2,16,,
F01071,5,3,51,2,1,6,2,23,40,6
F01072,5,4,23,,1,5,1,16,,
F01072,4,4,24,,1,6,1,16,,
F01072,4,4,51,,2,5,2,16,,
F01072,4,4,54,2,1,6,2,16,30,8
F01073,4,2,62,,2,6,2,62,,
F01073,3,2,63,2,1,6,2,30,20,10
F01074,3,4,17,,2,4,1,17,30,
F01074,3,4,19,,2,5,1,19,20,
F01074,4,4,47,,2,6,2,40,30,
F01074,4,4,49,2,1,6,2,44,30,6
F01075,3,3,39,,2,4,1,20,50,
F01075,2,3,62,,2,4,2,20,,
F01075,3,3,71,2,1,4,2,20,,6
F01076,3,3,39,,2,6,1,38,,
F01076,5,3,67,,2,4,2,45,,
F01076,5,3,67,2,1,4,2,60,,6
F01077,2,4,32,,2,6,4,27,,
F01077,2,4,56,,2,4,2,33,20,
F01077,3,4,57,2,1,6,2,35,,10
F01077,4,4,85,,1,3,3,10,,
F01078,5,2,74,,2,6,2,39,,
F01078,5,2,80,2,1,6,2,39,,3
F01079,4,3,27,,2,6,1,27,30,
F01079,4,3,55,,2,5,2,30,30,
F01079,5,3,55,2,1,6,2,45,30,7
F01080,4,3,24,,1,4,1,24,,
F01080,4,3,53,,2,6,2,33,40,
F01080,4,3,57,2,1,5,2,34,30,9
F01081,3,3,21,,1,6,1,21,30,
F01081,4,3,62,,2,4,2,28,,
F01081,4,3,63,2,1,4,2,28,10,7
F01082,4,6,24,,1,7,2,24,,
F01082,3,6,31,,2,6,2,7,,
F01082,4,6,63,,2,4,2,40,50,
F01082,4,6,66,2,1,7,2,40,50,7
F01083,1,4,18,,2,4,1,17,30,
F01083,1,4,23,,2,6,1,20,,
F01083,2,4,51,,2,6,2,20,,
F01083,3,4,56,2,1,6,2,22,10,7
F01084,2,3,22,,2,4,1,22,30,
F01084,3,3,51,,2,5,2,26,30,
F01084,3,3,52,2,1,5,2,27,30,10
F01085,3,3,23,,2,5,1,23,,
F01085,3,3,51,,2,4,2,31,,
F01085,4,3,56,2,1,6,2,31,20,6
F01086,4,5,34,,2,6,2,8,,
F01086,4,5,65,,2,4,2,27,,
F01086,5,5,65,2,1,4,2,27,,10
F01087,4,4,31,,2,6,2,31,,
F01087,4,4,33,2,1,6,2,33,30,9
F01088,5,4,41,,2,6,2,13,,
F01088,5,4,42,2,1,6,2,42,40,6
F01089,3,4,23,,2,6,1,4,15,
F01089,3,4,26,,1,7,1,4,20,
F01089,4,4,53,,2,5,2,4,10,
F01089,4,4,58,2,1,6,2,4,,7
F01090,3,3,32,,2,7,1,8,20,
F01090,3,3,56,,2,2,2,8,10,
F01090,3,3,60,2,1,3,2,8,20,10
F01091,4,3,35,,2,5,2,8,20,
F01091,4,3,35,2,1,5,2,30,20,7
F01092,2,4,16,,2,4,1,2,30,
F01092,3,4,21,,1,4,1,2,,
F01092,3,4,46,,2,4,2,2,30,
F01092,3,4,47,2,1,4,2,2,10,7
F01093,5,3,24,,1,5,1,6,10,
F01093,4,3,49,,2,4,2,30,25,
F01093,5,3,51,2,1,4,2,29,20,7
F01094,3,2,68,,2,3,2,2,,
F01094,4,2,71,2,1,3,2,40,,3
F01095,4,4,29,,2,6,1,22,30,
F01095,4,4,33,,1,5,1,22,20,
F01095,5,4,55,,2,6,2,22,,
F01095,4,4,58,2,1,6,2,22,20,9
F01096,4,2,20,,2,6,1,8,20,
F01096,3,2,50,2,2,6,2,9,30,10
F01097,5,3,43,,2,4,2,17,30,
F01097,4,3,48,2,1,4,2,17,,5
F01098,4,4,43,,2,8,2,15,50,
F01098,3,4,47,2,1,6,2,17,10,8
F01099,3,4,16,,1,4,1,10,10,
F01099,4,4,18,,1,5,1,9,20,
F01099,1,4,46,,2,5,2,9,20,
F01099,4,4,50,2,1,6,2,10,,9
F01100,4,4,25,,2,5,1,6,,
F01100,4,4,25,,2,6,1,6,30,
F01100,4,4,51,,2,4,2,6,30,
F01100,4,4,54,2,1,6,2,6,,6
F01101,4,2,52,2,1,6,2,45,30,5
F01101,5,2,53,,2,4,2,53,,
F01102,4,4,38,,2,7,2,7,40,
F01102,1,4,38,2,1,6,2,5,,9
F01103,2,4,24,,1,6,1,10,20,
F01103,4,4,54,,2,5,2,8,30,
F01103,3,4,55,2,1,6,2,10,20,5
F01103,4,4,80,,2,2,3,8,,
F01104,2,2,72,2,2,3,2,7,,3
F01104,4,2,79,,1,3,2,7,,
F01105,4,1,35,2,1,6,1,5,20,4
F01106,5,3,25,,1,5,1,25,,
F01106,2,3,52,,2,4,2,26,,
F01106,2,3,54,2,1,4,2,26,30,7
F01107,5,4,37,,2,5,2,37,,
F01107,4,4,38,2,1,5,2,13,20,4
F01108,3,4,20,,2,6,1,10,,
F01108,3,4,23,,2,5,1,10,10,
F01108,3,4,49,,2,5,2,10,20,
F01108,2,4,51,2,1,6,2,10,10,6
F01109,2,3,38,,2,4,2,15,,
F01109,3,3,39,2,1,4,2,15,20,8
F01110,5,3,31,,2,6,2,24,,
F01110,4,3,35,2,1,6,2,3,,5
F01111,4,2,43,,2,5,2,30,,
F01111,3,2,48,2,1,6,2,10,,4
F01112,4,1,42,2,2,7,1,5,,5
F01113,4,3,45,,2,5,2,29,10,
F01113,2,3,45,2,1,6,2,14,10,7
F01114,3,4,38,,2,6,2,12,10,
F01114,4,4,43,2,1,8,2,10,,6
F01115,4,4,38,,2,5,2,8,20,
F01115,4,4,45,2,1,6,2,8,30,6
F01116,1,4,38,,2,6,2,2,,
F01116,3,4,40,2,1,6,2,2,,6
F01117,4,3,17,,1,4,1,17,,
F01117,4,3,50,,2,5,2,20,10,
F01117,3,3,52,2,1,5,2,14,10,8
F01118,4,3,15,,1,3,1,15,10,
F01118,4,3,18,,2,4,1,17,40,
F01118,4,3,47,2,2,6,4,17,30,5
F01119,4,2,34,,2,6,2,27,20,
F01119,3,2,39,2,1,6,2,4,,6
F01120,4,2,22,,1,6,1,22,,
F01120,4,2,49,2,2,6,2,24,,4
F01121,3,2,67,,2,3,2,25,10,
F01121,3,2,73,2,1,6,2,25,,2
F01122,5,3,42,,2,7,2,28,,
F01122,5,3,47,2,1,6,2,6,,7
F01123,4,1,34,2,1,7,4,28,50,6
F01124,3,3,19,,1,5,1,18,,
F01124,3,3,53,,2,6,2,20,50,
F01124,4,3,57,2,1,6,2,20,,10
F01125,4,4,29,,2,5,1,4,30,
F01125,3,4,34,,2,6,1,4,50,
F01125,2,4,63,,2,5,2,4,,
F01125,2,4,69,2,1,6,2,4,10,7
F01126,3,4,15,,2,3,1,15,10,
F01126,3,4,20,,2,6,1,20,,
F01126,5,4,47,2,2,6,2,37,30,10
F01126,5,4,48,,1,5,2,20,30,
F01127,4,2,16,,1,4,1,10,10,
F01127,4,2,42,2,2,6,2,20,20,7
F01128,3,2,57,,2,5,2,30,25,
F01128,5,2,60,2,1,6,2,30,,3
F01129,4,1,31,2,2,6,2,3,,4
F01130,4,1,46,2,1,6,1,10,,3
F01131,4,2,23,,1,5,1,14,30,
F01131,3,2,50,2,2,4,2,18,10,5
F01132,4,2,75,,2,6,2,29,,
F01132,4,2,82,2,1,6,2,29,,5
F01133,4,4,16,,2,4,1,12,5,
F01133,4,4,43,,2,6,2,12,40,
F01133,4,4,48,2,1,8,2,12,,9
F01134,4,3,42,,2,6,2,2,20,
F01134,5,3,42,2,1,6,2,2,10,10
F01135,5,2,65,,2,6,2,30,10,
F01135,5,2,66,2,1,6,2,30,15,6
F01136,5,2,72,,2,3,2,27,,
F01136,5,2,74,2,1,4,2,27,30,5
F01137,4,3,54,,2,6,2,12,,
F01137,4,3,57,2,1,6,2,10,30,10
F01138,4,4,15,,2,3,1,14,10,
F01138,4,4,45,,2,5,2,20,,
F01138,4,4,47,2,1,6,2,20,20,10
F01139,3,3,17,,1,4,1,17,30,
F01139,3,3,50,2,2,8,2,20,30,10
F01140,3,4,44,,2,7,2,10,30,
F01140,4,4,45,2,1,6,2,40,20,9
F01141,3,4,18,,1,4,1,12,,
F01141,2,4,23,,2,7,1,12,10,
F01141,3,4,49,2,1,6,2,14,,10
F01141,2,4,50,,2,6,2,13,30,
F01142,4,4,17,,1,4,1,13,7,
F01142,3,4,20,,2,6,1,13,,
F01142,4,4,47,,2,6,2,13,,
F01142,4,4,51,2,1,6,2,13,30,10
F01143,4,3,19,,2,5,1,19,,
F01143,2,3,44,,2,5,2,30,20,
F01143,4,3,51,2,1,6,2,50,20,5
F01144,3,4,22,,1,5,1,21,,
F01144,3,4,24,,2,5,1,21,20,
F01144,2,4,53,,2,6,2,21,,
F01144,2,4,56,2,1,7,2,21,,8
F01145,4,4,17,,1,4,1,10,,
F01145,4,4,19,,2,6,1,10,,
F01145,4,4,47,,2,7,2,10,30,
F01145,4,4,51,2,1,6,2,10,,10
F01146,2,3,47,,2,5,2,16,,
F01146,1,3,47,2,1,6,2,16,,9
F01147,3,5,37,,2,6,2,28,10,
F01147,2,5,40,2,1,5,2,7,30,5
F01148,4,4,42,,1,6,1,28,,
F01148,4,4,48,,2,6,4,28,,
F01148,4,4,72,,2,4,2,28,,
F01148,4,4,79,2,1,6,2,28,,7
F01149,2,2,67,,2,4,2,37,,
F01149,4,2,68,2,1,4,2,37,50,4
F01150,2,4,28,,2,6,1,20,30,
F01150,4,4,29,,2,6,1,25,,
F01150,4,4,56,,2,6,2,25,30,
F01150,1,4,63,2,1,6,2,25,30,7
F01151,4,2,85,,2,4,2,30,,
F01151,4,2,85,2,1,5,2,30,,4
F01152,4,3,44,,2,4,1,29,,
F01152,3,3,78,,2,3,2,4,,
F01152,4,3,78,2,1,4,2,29,,7
F01153,4,4,20,,2,5,1,20,,
F01153,4,4,21,,2,6,1,21,,
F01153,3,4,51,,2,6,2,23,5,
F01153,1,4,57,2,1,6,2,22,,8
F01154,4,3,29,,2,5,1,22,50,
F01154,3,3,60,,2,6,2,22,,
F01154,3,3,61,2,1,6,2,22,,4
F01155,2,3,22,,2,6,1,16,30,
F01155,3,3,50,,2,7,2,50,,
F01155,4,3,56,2,1,8,2,56,15,8
F01156,3,3,15,,1,4,1,15,30,
F01156,4,3,48,,2,5,2,15,10,
F01156,3,3,49,2,1,6,2,15,10,10
F01157,4,2,70,,2,5,2,28,,
F01157,5,2,75,2,1,7,2,25,,8
F01158,3,2,50,,2,7,2,26,40,
F01158,4,2,51,2,1,6,2,22,50,10
F01159,1,5,18,,2,4,1,18,10,
F01159,2,5,43,,2,6,2,43,,
F01159,2,5,50,2,1,6,2,20,,10
F01160,5,5,18,,2,4,1,18,5,
F01160,4,5,51,,2,6,2,14,50,
F01160,2,5,55,2,1,1,2,19,30,9
F01161,4,3,24,,2,6,1,24,30,
F01161,5,3,48,,2,5,2,20,5,
F01161,3,3,53,2,1,6,2,20,30,8
F01162,4,3,29,,2,4,2,20,,
F01162,5,3,32,2,1,5,2,32,40,4
F01163,5,2,68,,2,4,2,43,,
F01163,4,2,72,2,1,6,2,33,,5
F01164,3,4,24,,1,6,1,24,20,
F01164,4,4,26,,2,6,1,26,,
F01164,4,4,54,,2,4,2,40,10,
F01164,3,4,58,2,1,4,2,40,30,10
F01165,3,2,40,,1,6,1,20,,
F01165,4,2,64,2,2,4,3,27,45,5
F01166,4,2,65,2,1,2,2,39,,3
F01166,4,2,66,,2,2,2,39,10,
F01167,3,1,66,2,2,2,2,30,,4
F01168,5,4,44,,2,4,2,16,,
F01168,4,4,46,2,1,6,2,21,20,6
F01169,3,2,29,,2,6,1,22,50,
F01169,4,2,58,2,2,4,3,30,10,6
F01170,2,4,24,,2,6,1,8,50,
F01170,2,4,26,,2,6,1,8,,
F01170,4,4,51,,2,4,2,8,10,
F01170,4,4,56,2,1,6,2,8,10,9
F01171,4,2,59,,2,4,2,32,,
F01171,3,2,62,2,1,4,2,44,10,5
F01172,5,1,67,2,2,2,3,39,15,3
F01173,3,2,68,2,1,6,2,68,,5
F01173,5,2,69,,2,5,2,43,,
F01174,3,2,29,,1,6,1,14,20,
F01174,1,2,61,2,1,6,3,14,,4
F01175,3,4,27,,1,6,1,27,50,
F01175,4,4,56,,2,4,2,31,40,
F01175,3,4,56,2,1,4,2,50,25,5
F01175,5,4,77,,2,2,3,42,,
F01176,4,3,35,,2,5,1,30,25,
F01176,3,3,59,,2,4,2,20,,
F01176,3,3,63,2,1,6,2,20,10,6
F01177,4,3,43,1,1,6,2,13,30,8
F01177,5,3,44,,2,6,2,13,30,
F01178,2,4,29,,2,6,1,29,30,
F01178,2,4,32,,2,6,1,32,30,
F01178,3,4,55,,2,4,2,50,30,
F01178,3,4,61,2,1,4,2,53,,10
F01179,3,3,25,,1,6,1,21,40,
F01179,3,3,54,,2,6,2,21,5,
F01179,4,3,55,2,1,6,2,21,40,10
F01180,3,4,27,,1,6,1,21,35,
F01180,4,4,29,,2,6,1,26,,
F01180,3,4,62,2,1,6,2,35,,6
F01180,3,4,63,,2,5,2,32,30,
F01181,5,3,34,,1,4,1,25,,
F01181,4,3,59,,2,4,2,26,15,
F01181,5,3,60,2,1,4,2,50,15,9
F01182,4,2,66,,2,2,2,44,15,
F01182,4,2,71,2,1,2,2,44,,4
F01183,4,2,67,,2,6,2,11,,
F01183,4,2,74,2,1,6,2,11,,4
F01184,4,1,64,2,2,4,2,30,15,3
F01185,3,5,25,,1,6,1,25,,
F01185,5,5,26,,1,6,1,26,,
F01185,3,5,50,,2,4,2,26,,
F01185,4,5,52,2,1,5,2,52,30,6
F01186,4,2,73,,2,4,2,23,,
F01186,4,2,75,2,1,4,2,23,,5
F01187,5,1,26,2,2,6,1,15,40,3
F01188,4,2,64,,2,2,2,34,40,
F01188,4,2,65,2,1,2,2,50,20,4
F01189,1,1,43,2,1,4,4,7,25,5
F01190,4,2,65,,2,3,2,30,,
F01190,5,2,66,2,1,3,2,30,40,4
F01191,5,1,85,2,2,2,3,40,,2
F01192,5,2,67,,2,4,2,34,,
F01192,5,2,68,2,1,4,2,36,,3
F01193,4,1,84,3,2,1,2,1,,2
F01194,4,1,43,1,2,6,1,18,,4
F01195,2,1,52,2,2,4,1,20,50,3
F01196,4,1,73,2,2,2,4,28,,2
F01197,4,1,41,3,1,4,1,41,10,4
F01198,4,1,85,1,1,6,3,50,,2
F01199,5,1,39,3,1,6,1,5,30,5
F01200,3,2,29,3,1,5,1,29,,4
F01200,4,2,31,,1,7,1,31,30,
